ZL,error,N
-0.18244514222177177,0.0058279113233017255,2000.0
