ZL,error,N
0.015395609663204628,0.008291132715222096,2000.0
