ZL,error,N
-0.038082548877866475,0.00804363941444226,2000.0
