ZL,error,N
-0.09748260206325737,0.007491189707396215,2000.0
