ZL,error,N
0.032198631169391416,0.008712610406173747,2000.0
