ZL,error,N
-0.028940576304077,0.008418458753438454,2000.0
