O^z,error,N,total_data
0.09511148752901633,0.0005383365748163781,2000.0,32000.0
