ZL,error,N
-0.08983989125869905,0.007734771352829119,2000.0
