ZL,error,N
-0.18193054827800476,0.005918791539119981,2000.0
