O^z,error,N,total_data
0.1352336775390647,0.0022970022036239135,2000.0,2000.0
