O^z,error,N,total_data
0.07383049730802803,0.0004823473943682541,2000.0,32000.0
