O^z,error,N,total_data
0.046853945935917206,0.0003344620008267191,2000.0,48000.0
