O^z,error,N,total_data
0.1397251604513875,0.00045690936350909774,2000.0,48000.0
