O^z,error,N,total_data
0.2189503842861314,0.0018071665716242417,2000.0,2000.0
