O^z,error,N,total_data
0.03956181914377945,0.00030736741907749933,2000.0,48000.0
