ZL,error,N
0.1834108812313444,0.007994272704210461,2000.0
