O^z,error,N,total_data
0.06587906937705963,0.0004583424586643183,2000.0,32000.0
