O^z,error,N,total_data
0.025527667500458963,0.0002203126315584958,2000.0,64000.0
