ZL,error,N
0.26631993239663043,0.00791983738168197,2000.0
