ZL,error,N
0.07951887398793932,0.007710104360841072,2000.0
