ZL,error,N
-0.07334328834115232,0.006303958790476599,2000.0
