O^z,error,N,total_data
0.06814735996738087,0.0003452142370575002,2000.0,64000.0
