O^z,error,N,total_data
0.08525116455840547,0.0004241797077819571,2000.0,48000.0
