O^z,error,N,total_data
0.17387866226053522,0.002377334069140205,2000.0,2000.0
