O^z,error,N,total_data
0.11296916411227943,0.0005623312950025426,2000.0,32000.0
