O^z,error,N,total_data
0.16692432863681797,0.0023733653332568007,2000.0,2000.0
