O^z,error,N,total_data
0.07819306000567565,0.00041514868441358836,2000.0,48000.0
