O^z,error,N,total_data
0.0015285802732653189,2.473109533056316e-05,2000.0,48000.0
