O^z,error,N,total_data
0.07014656101717914,0.000779792629589979,2000.0,2000.0
