O^z,error,N,total_data
0.18194142692960125,0.002346502460049011,2000.0,2000.0
