O^z,error,N,total_data
0.14365872614043232,0.002158995048537069,2000.0,2000.0
