ZL,error,N
-0.1736072265937617,0.0071174284355657765,2000.0
