ZL,error,N
-0.10279210931533762,0.00815581249278062,2000.0
