ZL,error,N
-0.1374299441599277,0.007735547581055521,2000.0
