ZL,error,N
-0.2316667873965187,0.005472862829973122,2000.0
