ZL,error,N
-0.583626141651478,0.0027125649166702985,2000.0
