ZL,error,N
-0.7285697740145405,0.002030909097046386,2000.0
