ZL,error,N
-0.6715072306757658,0.0024302782734035465,2000.0
