ZL,error,N
-0.46456272274050925,0.002075925915557234,2000.0
