O^z,error,Nseed,Nsample
0.05265954110284602,0.0003143950031616808,2000.0,64000.0
