O^z,error,Nseed,Nsample
0.06904803524045652,0.0003990377984711641,2000.0,48000.0
