O^z,error,N,total_data
0.16025666205244787,0.0023320452002698025,2000.0,2000.0
