O^z,error,Nseed,Nsample
0.09868109017578679,0.0005427347495466888,2000.0,32000.0
