O^z,error,N,total_data
0.19333457661526202,0.0003661925358748318,2000.0,32000.0
