O^z,error,N,total_data
0.236751973640502,0.0009643612903910179,2000.0,2000.0
