O^z,error,N,total_data
0.1736657663247084,0.00033710579824099656,2000.0,48000.0
