O^z,error,N,total_data
0.16437294387341364,0.0003198539060403144,2000.0,64000.0
