ZL,error,N
-0.01385890602448093,0.0074767863613070485,2000.0
