ZL,error,N
0.17500506748690942,0.008627658055727455,2000.0
