ZL,error,N
0.09611437782900528,0.008265323573004017,2000.0
