ZL,error,N
-0.16707546568172732,0.005424189986519504,2000.0
