O^z,error,N,total_data
0.1764064718348539,0.002367331358286181,2000.0,2000.0
