O^z,error,N,total_data
0.06130727195410731,0.00037861087902447326,2000.0,48000.0
