O^z,error,N,total_data
0.15081564790939828,0.0023502165702957104,2000.0,2000.0
