O^z,error,N,total_data
0.045120757736119,0.0002907472377969624,2000.0,64000.0
