O^z,error,N,total_data
0.08960188062702351,0.0005266452433702746,2000.0,32000.0
