ZL,error,N
-0.2255682748267244,0.006894054016597977,2000.0
