ZL,error,Nseed,Nsample
-0.26212577262689374,0.0052644204322165235,2000.0,2000.0
