ZL,error,N
-0.1805448443007352,0.007895481029568576,2000.0
