ZL,error,N
-0.20404534513740746,0.007535482353906283,2000.0
