O^z,error,Nseed,Nsample
0.10155170847451774,0.000549236882657028,2000.0,32000.0
