O^z,error,N,total_data
0.16167643605668158,0.002337779063461457,2000.0,2000.0
