O^z,error,Nseed,Nsample
0.07374059843793349,0.0004085833235807206,2000.0,48000.0
