O^z,error,Nseed,Nsample
0.05575143621911603,0.0003205234970420828,2000.0,64000.0
