ZL,error,N
-0.1596116706924456,0.0070039471679309365,2000.0
