ZL,error,N
-0.1918860860823533,0.006546825945488213,2000.0
