ZL,error,N
-0.23782140525261378,0.0052047478877085395,2000.0
