ZL,error,N
-0.14096654901652775,0.007147276630883242,2000.0
