O^z,error,N,total_data
0.26623304964724026,0.0017021406290642597,2000.0,2000.0
