SOP,error,Nseed,Nsample
0.1314598025188979,0.00023549406201608405,2000.0,32000.0
