O^z,error,N,total_data
0.053029965716889706,0.0010269192500397552,50.0,1600.0
