SOP,error,Nseed,Nsample
0.08606312548170396,0.0002240666665854859,2000.0,48000.0
