O^z,error,N,total_data
0.0007888580928363667,1.583137460035021e-05,2000.0,64000.0
