O^z,error,N,total_data
0.07514655116443927,0.0010798986542622923,2000.0,2000.0
