O^z,error,N,total_data
0.003048846009880323,4.0325880152798514e-05,2000.0,48000.0
