O^z,error,N,total_data
0.15164937959078745,0.002319175331592909,2000.0,2000.0
