O^z,error,Nseed,Nsample
0.060588975208408946,0.0003742113958842783,2000.0,48000.0
