O^z,error,Nseed,Nsample
0.04492517186373875,0.00029139005280331574,2000.0,64000.0
