O^z,error,Nseed,Nsample
0.08915105381549336,0.0005238391405765211,2000.0,32000.0
