ZL,error,N
-0.2110640926092078,0.005033874670572286,2000.0
