ZL,error,N
-0.14154885534591682,0.007705980727714,2000.0
