ZL,error,N
-0.2817966647735495,0.0027495588410896207,2000.0
