ZL,error,N
-0.16635549013307718,0.0064681867205468755,2000.0
