ZL,error,N
0.03979953359092361,0.00841069956709293,2000.0
