O^z,error,N,total_data
0.060588975208408856,0.0003742113958842782,2000.0,48000.0
