O^z,error,N,total_data
0.08915105381549325,0.0005238391405765211,2000.0,32000.0
