O^z,error,N,total_data
0.04492517186373874,0.0002913900528033157,2000.0,64000.0
