ZL,error,N
0.10486486028117986,0.008774530243229734,2000.0
