ZL,error,N
-0.04007519008762833,0.007870789680519718,2000.0
