O^z,error,Nseed,Nsample
0.06742280457332409,0.00038897270891172995,2000.0,48000.0
