O^z,error,Nseed,Nsample
0.15670641032230712,0.002363594396577433,2000.0,2000.0
