O^z,error,N,total_data
0.09529547786320786,0.0005352103116957927,2000.0,32000.0
