O^z,error,N,total_data
0.050682487104068426,0.0003046874388550329,2000.0,64000.0
