O^z,error,N,total_data
0.15673083088912373,0.0023143111817441313,2000.0,2000.0
