O^z,error,N,total_data
0.09332166367206275,0.0005304690726166071,2000.0,32000.0
