O^z,error,N,total_data
0.07766324429916503,0.000399620557816995,2000.0,48000.0
