O^z,error,N,total_data
0.1672737234618347,0.002379169844172119,2000.0,2000.0
