O^z,error,N,total_data
0.05937808605761404,0.0003122404741838525,2000.0,64000.0
