O^z,error,N,total_data
0.10722295122215861,0.0005473294415350088,2000.0,32000.0
