O^z,error,N,total_data
0.0743025883075332,0.00048509919126581114,2000.0,32000.0
