O^z,error,N,total_data
0.13632310151057928,0.002292698848346344,2000.0,2000.0
