ZL,error,N
-0.081359602896143,0.009568598466520676,2000.0
