ZL,error,N
-0.12693500838288777,0.00887402159076558,2000.0
