ZL,error,N
-0.25884308997128147,0.005406636933542836,2000.0
