O^z,error,N,total_data
0.10189966050902755,0.00039665974559741085,2000.0,64000.0
