ZL,error,N
-0.17991524828013108,0.007794698627212477,2000.0
