O^z,error,N,total_data
0.12052645014565937,0.00046457081238099893,2000.0,48000.0
