O^z,error,N,total_data
0.3360215133961946,0.00020889611767624142,2000.0,32000.0
