O^z,error,N,total_data
0.32776319723012814,0.0001690977764627004,2000.0,64000.0
