O^z,error,N,total_data
0.3448664442400542,0.000631940812056402,2000.0,2000.0
