ZL,error,N
-0.13089170986990198,0.0076487832776782165,2000.0
