O^z,error,N,total_data
0.10342755761959171,0.0005527103035974788,2000.0,32000.0
