ZL,error,N
-0.0745721384269141,0.008280436765643969,2000.0
