ZL,error,Nseed,Nsample
-0.2071978470505029,0.005795334855025236,2000.0,2000.0
