ZL,error,N
-0.02296879032008338,0.008821367478753074,2000.0
