O^z,error,Nseed,Nsample
0.08450244285639039,0.00042592100563839,2000.0,48000.0
