O^z,error,N,total_data
0.11320022934100946,0.000563756375838746,2000.0,32000.0
