O^z,error,Nseed,Nsample
0.17408435625704663,0.002398780930295765,2000.0,2000.0
