O^z,error,N,total_data
0.22917163826462567,0.0019215538534405995,2000.0,2000.0
