O^z,error,N,total_data
0.15633200010171944,0.0004858859292503428,2000.0,48000.0
