O^z,error,N,total_data
0.17982611777650542,0.0005674970492536409,2000.0,32000.0
