O^z,error,N,total_data
0.14193512333089783,0.0004275902885711991,2000.0,64000.0
