ZL,error,N
-0.27106341530292566,0.005171093490907837,2000.0
