ZL,error,N
-0.1204743126913497,0.009468178731175877,2000.0
