ZL,error,N
-0.1525754421320505,0.008701255966098373,2000.0
