ZL,error,N
-0.20286653942096874,0.007566567009572823,2000.0
