O^z,error,N,total_data
0.21944326801626357,0.000228719689080297,2000.0,48000.0
