O^z,error,N,total_data
0.21804448533421758,0.00021382561983059503,2000.0,64000.0
