O^z,error,N,total_data
0.22706573823557238,0.00023482435505826134,2000.0,32000.0
