O^z,error,N,total_data
0.2550134559589007,0.00048458381427827135,2000.0,2000.0
