O^z,error,N,total_data
0.15422581271854535,0.0022658968986577284,2000.0,2000.0
