O^z,error,N,total_data
0.06509381829998065,0.0004263219258097158,2000.0,2000.0
