ZL,error,N
-0.1885311417396179,0.005973634674374091,2000.0
