ZL,error,N
-0.028149775298618004,0.008619959006178656,2000.0
