ZL,error,N
-0.09330929382560879,0.007861439932508818,2000.0
