O^z,error,N,total_data
0.10151510304363583,0.0005473236817820653,2000.0,32000.0
