ZL,error,N
0.026615282203137417,0.009042716760301559,2000.0
