O^z,error,N,total_data
0.056746275472137474,0.00032635938169500744,2000.0,64000.0
