O^z,error,N,total_data
0.07822047198496347,0.0004918878036787642,2000.0,32000.0
