O^z,error,N,total_data
0.1423120810720178,0.002293432945987464,2000.0,2000.0
