O^z,error,N,total_data
0.1795332510374589,0.0021394776071398153,2000.0,2000.0
