ZL,error,N
-0.2457498987952217,0.00281538984898154,2000.0
