ZL,error,N
0.024347108927739645,0.007584992007028312,2000.0
