ZL,error,N
-0.12637612734692144,0.005040691933723364,2000.0
