ZL,error,N
-0.040560492163671094,0.0065568075603695776,2000.0
