O^z,error,N,total_data
0.08292433743282113,0.00042400028377104524,2000.0,48000.0
