ZL,error,N
-0.19082513121719458,0.007179610273005367,2000.0
