ZL,error,N
-0.24385771858952354,0.005452134629779335,2000.0
