ZL,error,N
-0.11681604428700679,0.008244467965954568,2000.0
