ZL,error,N
-0.1571199154162616,0.007807757024948219,2000.0
