ZL,error,N
0.17478139844980084,0.008365285295945855,2000.0
