O^z,error,N,total_data
0.03490019612069027,0.00025505617997831175,2000.0,64000.0
