O^z,error,N,total_data
0.07766964923768983,0.0004953529091491329,2000.0,32000.0
