ZL,error,N
-0.11796738904267588,0.006192222701795172,2000.0
