ZL,error,N
0.10062896375691721,0.008269448272705121,2000.0
