ZL,error,N
0.009558297992777904,0.007822410356326867,2000.0
