ZL,error,N
-0.10513308934795794,0.008583841300697054,2000.0
