ZL,error,N
-0.14253381233706428,0.008111928984443247,2000.0
