ZL,error,N
-0.1804002512427836,0.0073923531444320305,2000.0
