O^z,error,N,total_data
0.11333949776933737,0.0005655912742113421,2000.0,32000.0
