O^z,error,N,total_data
0.08544587740920462,0.00043019571700390164,2000.0,48000.0
