ZL,error,Nseed,Nsample
-0.23919687506587606,0.005562375109737489,2000.0,2000.0
