O^z,error,N,total_data
0.19857039736744211,0.002198011650025518,2000.0,2000.0
