O^z,error,N,total_data
0.09658343152722089,0.00044365264833805653,2000.0,48000.0
