ZL,error,N
-0.2296832984662238,0.007430230038972162,2000.0
