O^z,error,N,total_data
0.07891778096094336,0.0003591096643698819,2000.0,64000.0
