ZL,error,N
-0.24988155644296478,0.006770479469879202,2000.0
