O^z,error,N,total_data
0.12445161312758168,0.0005745616335257588,2000.0,32000.0
