ZL,error,N
-0.2064089317752615,0.007873989234693003,2000.0
