ZL,error,N
-0.27543401949744484,0.005166477490563546,2000.0
