ZL,error,N
-0.5173292344579213,0.006649401106511606,2000.0
