ZL,error,N
-0.4188763843023522,0.004306249654450821,2000.0
