ZL,error,N
-0.5452547755621616,0.007074464015468394,2000.0
