ZL,error,N
-0.4766752775374211,0.006048803508447646,2000.0
