ZL,error,N
-0.18013889419012985,0.007771809948135459,2000.0
