O^z,error,N,total_data
0.11717838163026853,0.0005642601024387822,2000.0,32000.0
