ZL,error,N
-0.14424570429825073,0.008200383393524135,2000.0
