ZL,error,N
-0.2557420171997121,0.005379912966422421,2000.0
