O^z,error,N,total_data
0.08816442701614692,0.00043140233828030004,2000.0,48000.0
