ZL,error,N
-0.21180976382702485,0.007076923993120644,2000.0
