O^z,error,N,total_data
0.035527504273689565,0.00029144517391074755,2000.0,48000.0
