O^z,error,N,total_data
0.12208821395563292,0.0022610641581763645,2000.0,2000.0
