O^z,error,N,total_data
0.02286294740732759,0.00020807104321528407,2000.0,64000.0
