O^z,error,N,total_data
0.06091106290395059,0.00044311053177002664,2000.0,32000.0
