O^z,error,N,total_data
0.04383433568757839,0.00028526293054646155,2000.0,64000.0
