O^z,error,N,total_data
0.14979142438427429,0.0023502657443361177,2000.0,2000.0
