ZL,error,N
-0.1369923744335575,0.007842307922732895,2000.0
