ZL,error,N
-0.014423117280289279,0.00947001364586333,2000.0
