ZL,error,N
-0.23498761357031922,0.0054765531299451504,2000.0
