O^z,error,N,total_data
0.13828168370562435,0.000554144563831466,2000.0,32000.0
