O^z,error,N,total_data
0.10812190223670297,0.00045088179004091315,2000.0,48000.0
