ZL,error,N
-0.066989832934001,0.008855266671831797,2000.0
