O^z,error,N,total_data
0.08972041684126035,0.000379714793856912,2000.0,64000.0
