ZL,error,N
-0.025637973423545388,0.0076981205097076,2000.0
