ZL,error,N
-0.10564137645849535,0.006326855945444104,2000.0
