ZL,error,N
0.04197282556654157,0.008491228830514367,2000.0
