ZL,error,N
-0.23096955768325736,0.004011258980108892,2000.0
