O^z,error,N,total_data
0.1038812295698219,0.0005489318437955364,2000.0,32000.0
