O^z,error,Nseed,Nsample
0.07553234234389973,0.00040779331130406135,2000.0,48000.0
