O^z,error,N,total_data
0.05978231455803257,0.0003199046401942794,2000.0,64000.0
