O^z,error,Nseed,Nsample
0.165686987205258,0.002385043690629751,2000.0,2000.0
