O^z,error,N,total_data
0.2065571098557389,0.0022523638591072,2000.0,2000.0
