O^z,error,N,total_data
0.15936949572365688,0.002394005635813657,2000.0,2000.0
