O^z,error,N,total_data
0.06871729086591155,0.0003870314553821735,2000.0,48000.0
