O^z,error,N,total_data
0.0985816987453238,0.0005409854333391932,2000.0,32000.0
