O^z,error,N,total_data
0.058632326821328025,0.0003657482153900407,2000.0,48000.0
