ZL,error,N
-0.17142072927206778,0.005875020066534681,2000.0
