ZL,error,N
0.03538730807386432,0.008398247507277058,2000.0
