O^z,error,N,total_data
0.04370502800222777,0.00028257239722740486,2000.0,64000.0
