ZL,error,N
-0.08056308665350258,0.0075605799367768145,2000.0
