O^z,error,N,total_data
0.0871160137227313,0.0005220331250943948,2000.0,32000.0
