ZL,error,N
-0.019382434397545067,0.00803950346866774,2000.0
