O^z,error,Nseed,Nsample
0.038038214469292765,0.0002694807815759797,2000.0,64000.0
