O^z,error,Nseed,Nsample
0.0814531683204617,0.0005008032652252296,2000.0,32000.0
