O^z,error,N,total_data
0.14346856875552005,0.0023107083127129396,2000.0,2000.0
