O^z,error,Nseed,Nsample
0.053554062441483655,0.0003570435832616866,2000.0,48000.0
