ZL,error,N
-0.17158661887752136,0.008317957883608694,2000.0
