O^z,error,N,total_data
0.09581063098057052,0.00044039395530712716,2000.0,48000.0
