ZL,error,N
-0.22949684914108887,0.007074351459959937,2000.0
