O^z,error,N,total_data
0.07798739627268339,0.00036297045188370136,2000.0,64000.0
