ZL,error,N
-0.20619895117551018,0.007743536609321793,2000.0
