ZL,error,Nseed,Nsample
-0.26803786010512626,0.005356565024673096,2000.0,2000.0
