O^z,error,N,total_data
0.12115026615426747,0.002264696574858262,2000.0,2000.0
