O^z,error,N,total_data
0.134347880152836,0.002295351176587449,2000.0,2000.0
