O^z,error,N,total_data
0.07247347248311843,0.00047941492921322205,2000.0,32000.0
