O^z,error,N,total_data
0.031562127835758375,0.00024290426778865307,2000.0,64000.0
