O^z,error,N,total_data
0.07215465320208549,0.0003154341793928802,2000.0,48000.0
