O^z,error,N,total_data
0.1833858553679165,0.0014445416898190915,2000.0,2000.0
