O^z,error,N,total_data
0.05212543680856008,0.000252064003143324,2000.0,64000.0
