O^z,error,N,total_data
0.10731208504152105,0.00040536630760823483,2000.0,32000.0
