O^z,error,N,total_data
0.06813743027305598,0.0003454174345926313,2000.0,64000.0
