O^z,error,N,total_data
0.17280620963844734,0.00236553586185835,2000.0,2000.0
