O^z,error,N,total_data
0.13790024347708366,0.00042557777011551667,2000.0,64000.0
