O^z,error,N,total_data
0.17534861967179344,0.0005903040542229987,2000.0,32000.0
