ZL,error,N
-0.3577802802654942,0.004788715878395224,2000.0
