ZL,error,N
-0.3755437848518673,0.0065910377985653225,2000.0
