ZL,error,N
-0.39305011127129874,0.0077861579788909415,2000.0
