ZL,error,N
-0.38613962652141837,0.00741753363474681,2000.0
