O^z,error,N,total_data
0.15183311416610076,0.0004943753319553262,2000.0,48000.0
