O^z,error,Nseed,Nsample
0.06687313887642889,0.00046126340015961254,2000.0,32000.0
