O^z,error,Nseed,Nsample
0.026181057141804295,0.0002255511014601393,2000.0,64000.0
