O^z,error,Nseed,Nsample
0.04073826118407006,0.00031086794518650474,2000.0,48000.0
