O^z,error,N,total_data
0.12840739035755405,0.0022643515702332395,2000.0,2000.0
