ZL,error,N
-0.34074480026356796,0.0040444616855408,2000.0
