ZL,error,N
-0.33523426600326584,0.006255123496445846,2000.0
