ZL,error,N
-0.35856184377345074,0.00813490236511296,2000.0
