ZL,error,N
-0.34187134402410535,0.007413322747000207,2000.0
