ZL,error,N
-0.0890814114978618,0.007991933926119438,2000.0
