ZL,error,N
-0.038136270793565005,0.008385415984968753,2000.0
