ZL,error,N
-0.13456526909015426,0.007412549339229045,2000.0
