ZL,error,Nseed,Nsample
-0.20749796802527679,0.00569391183572877,2000.0,2000.0
