O^z,error,N,total_data
0.2672309589003173,0.0017560026564510487,2000.0,2000.0
