ZL,error,N
-0.3441666072878198,0.007268552125603645,2000.0
