O^z,error,N,total_data
0.1470119668745846,0.0004394508100820649,2000.0,64000.0
