ZL,error,N
-0.34604254610858914,0.005015598548156548,2000.0
