ZL,error,N
-0.3393315974258148,0.008872680878560218,2000.0
