O^z,error,N,total_data
0.16160143812438446,0.0004987245423144492,2000.0,48000.0
