ZL,error,N
-0.34365086434643244,0.00824067513033447,2000.0
