O^z,error,Nseed,Nsample
0.05174082396265904,0.0003090766353017426,2000.0,64000.0
