O^z,error,N,total_data
0.15885008746844534,0.0023401798727001114,2000.0,2000.0
