O^z,error,Nseed,Nsample
0.09741826878786203,0.0005426828066631183,2000.0,32000.0
