O^z,error,Nseed,Nsample
0.06800780915492831,0.00039718401971449216,2000.0,48000.0
