O^z,error,N,total_data
0.05328113259537172,0.00031072973338517403,2000.0,64000.0
