O^z,error,N,total_data
0.09833223199206116,0.0005439257822438465,2000.0,32000.0
