O^z,error,Nseed,Nsample
0.0702883329222927,0.0003961602841213291,2000.0,48000.0
