O^z,error,Nseed,Nsample
0.1599019170999502,0.0023736205433152564,2000.0,2000.0
