ZL,error,N
0.010344612954147786,0.008477143035380367,2000.0
