O^z,error,N,total_data
0.06463049509630776,0.0003870738084640806,2000.0,48000.0
