ZL,error,N
-0.0605999652936707,0.007851493661445764,2000.0
