O^z,error,N,total_data
0.0484213269863825,0.00030400378189105983,2000.0,64000.0
