O^z,error,N,total_data
0.09288537592388917,0.0005319735062288886,2000.0,32000.0
