ZL,error,N
0.07221167494319543,0.008818621438689484,2000.0
