O^z,error,N,total_data
0.18503824651977463,0.0015737350595035522,50.0,1600.0
