O^z,error,N,total_data
0.26252888856907036,0.0006783925692422388,2000.0,2000.0
