O^z,error,N,total_data
0.2347746777907562,0.00025867577719185746,2000.0,48000.0
