O^z,error,N,total_data
0.23969797041810925,0.00027575999754463797,2000.0,32000.0
