O^z,error,N,total_data
0.18092085004350966,0.0015919514910771027,2000.0,2000.0
