O^z,error,N,total_data
0.07139560020629719,0.0003304719134144259,2000.0,48000.0
