O^z,error,N,total_data
0.10533302130361066,0.00042553374148040975,2000.0,32000.0
