O^z,error,N,total_data
0.052367915910882204,0.000264036343167427,2000.0,64000.0
