ZL,error,N
-0.247455048850484,0.006188654604042126,2000.0
