ZL,error,N
-0.22937869403250136,0.00664021443377269,2000.0
