ZL,error,N
-0.21055518686886568,0.006857957426444402,2000.0
