ZL,error,N
-0.27195389097180744,0.004960183262559185,2000.0
