O^z,error,N,total_data
0.05710842977628183,0.000321084470609402,2000.0,64000.0
