ZL,error,N
-0.07035136375458938,0.008263534503487973,2000.0
