ZL,error,N
-0.1272650584185786,0.007622766529776737,2000.0
