ZL,error,N
-0.02183931444428727,0.008772593109474255,2000.0
