ZL,error,Nseed,Nsample
-0.20490755094218913,0.005789088387323117,2000.0,2000.0
