O^z,error,N,total_data
0.14848024958926032,0.002351034971588472,2000.0,2000.0
