O^z,error,N,total_data
0.042817861428226654,0.00028157338008590136,2000.0,64000.0
