O^z,error,N,total_data
0.05908904762176504,0.00037175472348921804,2000.0,48000.0
