O^z,error,N,total_data
0.08772954522066284,0.0005223143788172637,2000.0,32000.0
