O^z,error,N,total_data
0.11656529063347451,0.0005250155348284645,2000.0,32000.0
