O^z,error,N,total_data
0.182366232024329,0.002014553534744046,2000.0,2000.0
