O^z,error,N,total_data
0.17749967351368412,0.00043340777542495923,2000.0,64000.0
