ZL,error,N
-0.5017932680611215,0.0065501548692240685,2000.0
