O^z,error,N,total_data
0.20729288562555934,0.0005651282204771731,2000.0,32000.0
