ZL,error,N
-0.4630937954957867,0.005903644047275275,2000.0
