ZL,error,N
-0.40740764089648485,0.004323522083195108,2000.0
