O^z,error,N,total_data
0.19011836018543948,0.00048389081724187156,2000.0,48000.0
