ZL,error,N
-0.5201729866370924,0.006919882501611982,2000.0
