ZL,error,N
-0.1354201936348484,0.007722738891817608,2000.0
