ZL,error,N
-0.17077539557803206,0.007138741747644579,2000.0
