ZL,error,N
-0.09750566106964854,0.008089865066184082,2000.0
