ZL,error,N
-0.22892879231126068,0.0054973181944933626,2000.0
