O^z,error,Nseed,Nsample
0.16960164032597416,0.0023712825816224674,2000.0,2000.0
