ZL,error,Nseed,Nsample
-0.2460265385001634,0.005385445756409728,2000.0,2000.0
