ZL,error,N
-0.16374805124943942,0.007749793640166104,2000.0
