ZL,error,N
-0.1336236135033115,0.008085855991803372,2000.0
