ZL,error,N
-0.19708754529021552,0.00709442420651383,2000.0
