O^z,error,N,total_data
0.1489764266693956,0.0023389971347239245,2000.0,2000.0
