O^z,error,N,total_data
0.08577320911558646,0.000515172850969542,2000.0,32000.0
