O^z,error,N,total_data
0.020845320853157007,0.00020226763727239632,2000.0,32000.0
