O^z,error,N,total_data
0.08155791534037593,0.0015310004423265279,2000.0,2000.0
