O^z,error,N,total_data
0.006763616758757681,9.362610969393227e-05,2000.0,48000.0
