O^z,error,N,total_data
0.15506243887693455,0.0023359717462393542,2000.0,2000.0
