O^z,error,Nseed,Nsample
0.048421326986382615,0.0003040037818910599,2000.0,64000.0
