O^z,error,Nseed,Nsample
0.06463049509630783,0.0003870738084640806,2000.0,48000.0
