O^z,error,Nseed,Nsample
0.09288537592388925,0.0005319735062288886,2000.0,32000.0
