O^z,error,N,total_data
0.2169082593407344,0.002171898866759018,2000.0,2000.0
