O^z,error,N,total_data
0.12571073136323957,0.0004267406217873816,2000.0,64000.0
