O^z,error,N,total_data
0.19752174580619253,0.0012513078981388815,2000.0,2000.0
