O^z,error,N,total_data
0.0715694934241487,0.00027910080332941623,2000.0,64000.0
