ZL,error,N
0.24415988940143157,0.007728715851266521,2000.0
