ZL,error,N
-0.15182815382965623,0.004916983454549647,2000.0
