ZL,error,N
0.15570898809464986,0.007510260316796658,2000.0
