ZL,error,N
0.02893041319815302,0.006798926082272342,2000.0
