O^z,error,N,total_data
0.1426026259211395,0.00224078136876805,2000.0,2000.0
