ZL,error,N
-0.17037022832005605,0.0072421424994180555,2000.0
