ZL,error,Nseed,Nsample
-0.22867829517334354,0.00549522154844756,2000.0,2000.0
