ZL,error,N
-0.1321346945382359,0.00792159647229234,2000.0
