ZL,error,N
-0.09330021412701375,0.00829956296995728,2000.0
