ZL,error,N
-0.4919961407623262,0.0046197504143904835,2000.0
