ZL,error,N
-0.5468153961821868,0.004733324636161037,2000.0
