ZL,error,N
-0.38184486943072193,0.002452883013647268,2000.0
