ZL,error,N
-0.4323004843020324,0.003985856236653096,2000.0
