ZL,error,N
-0.3091938762767555,0.005948932757365509,2000.0
