ZL,error,N
-0.31394008301152465,0.008139153413991013,2000.0
