ZL,error,N
-0.30780895649003304,0.0072337505030108185,2000.0
