ZL,error,N
-0.3261533056056205,0.0037298495060534885,2000.0
