O^z,error,N,total_data
0.20405810708831426,0.0004213039945691735,2000.0,64000.0
