O^z,error,N,total_data
0.21316799575894774,0.00046302791463889996,2000.0,48000.0
