O^z,error,N,total_data
0.26139478622260404,0.0017494409278238062,2000.0,2000.0
