O^z,error,N,total_data
0.22818871188725653,0.0005314154704656206,2000.0,32000.0
