O^z,error,N,total_data
0.10000867154330084,0.00044694059095272035,2000.0,48000.0
