O^z,error,N,total_data
0.1864093509152525,0.002350240493014311,2000.0,2000.0
