O^z,error,N,total_data
0.1272952298898686,0.0005758804125133797,2000.0,32000.0
