O^z,error,N,total_data
0.08185758909593023,0.0003660003011012195,2000.0,64000.0
