O^z,error,N,total_data
0.03869922597880989,0.0002734272492119976,2000.0,64000.0
