O^z,error,N,total_data
0.0829256923417966,0.000504302626941076,2000.0,32000.0
