ZL,error,N
0.0010983631344334487,0.007879407735778663,2000.0
