ZL,error,N
0.09217363709133766,0.008409144448978542,2000.0
