ZL,error,N
-0.13046741919096225,0.006208032290593884,2000.0
