ZL,error,N
0.16523018552089827,0.008599837895826988,2000.0
