ZL,error,N
0.14677765516453056,0.004877944311270089,2000.0
