ZL,error,N
0.4304837859059583,0.00429739039948525,2000.0
