ZL,error,N
0.6517580106550115,0.0031834045307596367,2000.0
