O^z,error,N,total_data
0.002557862523222107,5.2415016690294985e-05,2000.0,64000.0
