ZL,error,N
0.5697989709223436,0.0035494869807932298,2000.0
