O^z,error,N,total_data
0.13223617751035432,0.002288838547168446,2000.0,2000.0
