O^z,error,N,total_data
0.07037992123427006,0.00047489294614542495,2000.0,32000.0
