O^z,error,N,total_data
0.06278689742107262,0.000446028974973038,2000.0,32000.0
