O^z,error,N,total_data
0.12493956285841948,0.0022494843105547013,2000.0,2000.0
