O^z,error,N,total_data
0.0369326130976295,0.000296498909111167,2000.0,48000.0
