O^z,error,N,total_data
0.023721181535036488,0.00021188068192666443,2000.0,64000.0
