ZL,error,N
-0.5104123781300023,0.004015807371065002,2000.0
