ZL,error,N
-0.5840715844245338,0.004267880075764192,2000.0
