ZL,error,N
-0.4250200100011914,0.002776565975681035,2000.0
