ZL,error,N
-0.6433943529996543,0.003981718576953841,2000.0
