O^z,error,N,total_data
0.11225977202301199,0.00040094345925854185,2000.0,64000.0
