O^z,error,N,total_data
0.12888494067672812,0.0004620880330566948,2000.0,48000.0
