O^z,error,N,total_data
0.15715438352282773,0.0005526470661179619,2000.0,32000.0
