O^z,error,N,total_data
0.21208179944070946,0.0019144804867769376,2000.0,2000.0
