O^z,error,Nseed,Nsample
0.04057047424591897,0.00030915235039122725,2000.0,48000.0
