O^z,error,Nseed,Nsample
0.06698661094837846,0.0004643914233424764,2000.0,32000.0
