O^z,error,Nseed,Nsample
0.026659183460811153,0.00022449760457694026,2000.0,64000.0
