O^z,error,N,total_data
0.12930630626191203,0.0022652113125628394,2000.0,2000.0
