ZL,error,N
-0.25912471700365136,0.005318565703969386,2000.0
