O^z,error,N,total_data
0.08835615015741245,0.00043152267153155946,2000.0,48000.0
