ZL,error,N
-0.18928437815478708,0.007666277845467143,2000.0
