O^z,error,N,total_data
0.07146580481595388,0.0003453629940397265,2000.0,64000.0
