ZL,error,N
-0.1626914927902397,0.008009814583153693,2000.0
