ZL,error,N
-0.21873596082610622,0.006995774949990508,2000.0
