O^z,error,N,total_data
0.1472337676454105,0.0023077289702401523,2000.0,2000.0
