O^z,error,N,total_data
0.1290451394770974,0.0005795755804656801,2000.0,32000.0
