ZL,error,N
-0.2554677906831837,0.006898146030329448,2000.0
