O^z,error,N,total_data
0.08397051873066348,0.0003675555848809762,2000.0,64000.0
