ZL,error,Nseed,Nsample
-0.28467909247369455,0.005184073711478492,2000.0,2000.0
