ZL,error,N
-0.2157516697124525,0.008024328355840292,2000.0
