ZL,error,N
-0.2422120532779032,0.00749843036991915,2000.0
