O^z,error,N,total_data
0.1330148315833643,0.002247051378422719,2000.0,2000.0
