O^z,error,N,total_data
0.04275538059813405,0.00032265715465852585,2000.0,48000.0
