ZL,error,N
-0.23463252420681296,0.006872045658261251,2000.0
