O^z,error,N,total_data
0.121177143494457,0.0005704757871408593,2000.0,32000.0
