ZL,error,N
-0.18706271605819627,0.00794472768137363,2000.0
