ZL,error,N
-0.26946288149922143,0.005249366667946329,2000.0
