O^z,error,N,total_data
0.09406506768195759,0.0004394231588670066,2000.0,48000.0
