ZL,error,N
-0.21650665974467334,0.00757231426491744,2000.0
