O^z,error,N,total_data
0.07615355175594243,0.0003540899173483314,2000.0,64000.0
