O^z,error,Nseed,Nsample
0.1701331361132721,0.002388232673804103,2000.0,2000.0
