O^z,error,N,total_data
0.10856302101385543,0.000557377022391673,2000.0,32000.0
