O^z,error,Nseed,Nsample
0.08029963394903948,0.0004202320700933969,2000.0,48000.0
