O^z,error,N,total_data
0.05802886223532867,0.0003185873990855892,2000.0,64000.0
