O^z,error,Nseed,Nsample
0.07577341771773857,0.000406363764522113,2000.0,48000.0
