O^z,error,Nseed,Nsample
0.16432949987751796,0.0023793330015864024,2000.0,2000.0
