O^z,error,N,total_data
0.10279851276828521,0.0005526219963831847,2000.0,32000.0
