O^z,error,N,total_data
0.22213281552570693,0.001562782623678071,2000.0,2000.0
