O^z,error,N,total_data
0.06522301099387341,0.0003361096303547108,2000.0,64000.0
