O^z,error,Nseed,Nsample
0.08237170749028097,0.00042323432873648577,2000.0,48000.0
