O^z,error,Nseed,Nsample
0.17164171890769755,0.0023814511030947317,2000.0,2000.0
