O^z,error,N,total_data
0.004886465285629075,6.996711410557933e-05,2000.0,48000.0
