ZL,error,N
0.162095061569591,0.0042865159331304525,2000.0
