ZL,error,N
0.6734490941897504,0.002633396548626084,2000.0
