ZL,error,N
0.45458099857853523,0.0035580008653141554,2000.0
