ZL,error,N
0.5960730833028953,0.0027234981085405203,2000.0
