O^z,error,N,total_data
0.0017200267197915835,3.3536436117801905e-05,2000.0,64000.0
