O^z,error,N,total_data
0.017685429487848382,0.00016520384218659704,2000.0,32000.0
