O^z,error,N,total_data
0.16440763078249618,0.0022835041420290153,2000.0,2000.0
