O^z,error,N,total_data
0.1246647369809325,0.0004797918886336799,2000.0,48000.0
