O^z,error,N,total_data
0.15050465119608883,0.0005866052617524507,2000.0,32000.0
