O^z,error,N,total_data
0.20376710964669126,0.0022635786856926624,2000.0,2000.0
