ZL,error,N
-0.1306915124466759,0.003579002219016877,2000.0
