O^z,error,N,total_data
0.09093673236868474,0.0003384118925416824,2000.0,32000.0
