ZL,error,N
0.26231491803734547,0.0056341369983216195,2000.0
