O^z,error,N,total_data
0.03443032399064944,0.00018281327245357585,2000.0,64000.0
