ZL,error,N
0.09951833597241454,0.005208143360361879,2000.0
