O^z,error,N,total_data
0.052709737712283926,0.0002460567293856924,2000.0,48000.0
