ZL,error,N
0.3630115953553816,0.005684738375661654,2000.0
