O^z,error,N,total_data
0.14347328347204064,0.0023205958402311433,2000.0,2000.0
