O^z,error,N,total_data
0.054018262941288885,0.0003563620891139837,2000.0,48000.0
