ZL,error,N
0.7148478404245592,0.0009860473638229187,2000.0
