ZL,error,N
0.6395581769695257,0.0011909787965452999,2000.0
