O^z,error,N,total_data
0.009874314022559554,6.653767563485925e-05,2000.0,32000.0
