ZL,error,N
0.5072203381394318,0.0016520857851804373,2000.0
