ZL,error,N
0.20085943167622156,0.002453013856062514,2000.0
