O^z,error,N,total_data
0.00028088874806280113,1.0008852900086919e-05,2000.0,64000.0
