O^z,error,N,total_data
0.18113015290784917,0.0022093495186544425,2000.0,2000.0
