O^z,error,N,total_data
0.07356100112263808,0.00034807461203694627,2000.0,64000.0
