O^z,error,N,total_data
0.09041521729419,0.0004344173264105954,2000.0,48000.0
