ZL,error,N
-0.17036515725775195,0.00805259385385474,2000.0
