ZL,error,N
-0.22503094551567282,0.0069841750803547285,2000.0
