ZL,error,N
-0.19707393767700007,0.007651484952999694,2000.0
