ZL,error,N
-0.2628762859565925,0.005321164743520803,2000.0
