O^z,error,N,total_data
0.1883141634041016,0.0004922008630932353,2000.0,48000.0
