ZL,error,N
-0.4749049183018876,0.007766099210718325,2000.0
