ZL,error,N
-0.3921757681296148,0.004615993970119309,2000.0
