O^z,error,N,total_data
0.20702489483481878,0.0005697262965214897,2000.0,32000.0
