ZL,error,N
-0.454286281221112,0.007418695914701447,2000.0
