O^z,error,N,total_data
0.17828466755356018,0.0004358278091302969,2000.0,64000.0
