ZL,error,N
-0.42953604638644,0.006564108662995014,2000.0
