SOP,error,Nseed,Nsample
0.23223461100126128,0.00048564398237487666,2000.0,2000.0
