O^z,error,N,total_data
0.16169777029043797,0.0023647965086523253,2000.0,2000.0
