O^z,error,N,total_data
0.0717438077990814,0.000403195102208566,2000.0,48000.0
