O^z,error,N,total_data
0.054598244642186225,0.00031526122557562855,2000.0,64000.0
