O^z,error,N,total_data
0.2598072294505045,0.00025866564146824245,2000.0,64000.0
