O^z,error,N,total_data
0.2661044136588084,0.00033862137148892355,2000.0,32000.0
