O^z,error,N,total_data
0.2620339461469619,0.00029607435083441096,2000.0,48000.0
