ZL,error,N
-0.6341141295434007,0.003571279877676361,2000.0
