ZL,error,N
-0.6932555366868599,0.0031138377717819968,2000.0
