ZL,error,N
-0.5537655218943266,0.0035800634368476835,2000.0
