ZL,error,N
-0.44979432043198403,0.0026264214119010613,2000.0
