O^z,error,N,total_data
0.3573613161816014,0.0003873761765699607,2000.0,2000.0
