ZL,error,N
-0.29496415418596167,0.005077924061125614,2000.0
