ZL,error,N
-0.19398204955600484,0.009386609074681767,2000.0
