ZL,error,N
-0.2154479550504813,0.008626163575899942,2000.0
