ZL,error,N
-0.24830637091414157,0.007453606274383946,2000.0
