O^z,error,N,total_data
0.07578897738600726,0.00048734084653834366,2000.0,32000.0
