ZL,error,N
0.2017491405038072,0.008357608663702215,2000.0
