ZL,error,N
0.029874508003739225,0.007843503289084017,2000.0
