O^z,error,N,total_data
0.03327254343497,0.00025099734405702737,2000.0,64000.0
