ZL,error,N
0.12594474982064122,0.008233704930533428,2000.0
