O^z,error,N,total_data
0.04858091499167579,0.0003405031524437944,2000.0,48000.0
