O^z,error,N,total_data
0.06768136786649083,0.0003960321446800888,2000.0,48000.0
