O^z,error,N,total_data
0.15697996875214068,0.0023410530218617312,2000.0,2000.0
