O^z,error,N,total_data
0.2204838121562987,0.001895652883073957,2000.0,2000.0
