O^z,error,N,total_data
0.14307975827876387,0.0004738255095332937,2000.0,48000.0
