O^z,error,N,total_data
0.16903949723906256,0.0005554290833667119,2000.0,32000.0
