O^z,error,N,total_data
0.127185712060483,0.0004140048265338281,2000.0,64000.0
