O^z,error,N,total_data
0.22833412136640518,0.0018684472946868338,2000.0,2000.0
