O^z,error,N,total_data
0.18069469969968197,0.000554412548646705,2000.0,32000.0
