O^z,error,N,total_data
0.1572359177629172,0.0004753180469115108,2000.0,48000.0
