O^z,error,N,total_data
0.14203651331343536,0.00042202184168992047,2000.0,64000.0
