O^z,error,N,total_data
0.24360016917453295,0.0005063353119449895,2000.0,32000.0
