O^z,error,N,total_data
0.2307901946157328,0.00044555950998698634,2000.0,48000.0
