O^z,error,N,total_data
0.22434044220802493,0.0004010690375073077,2000.0,64000.0
