O^z,error,N,total_data
0.2710795030351368,0.001676337247252999,2000.0,2000.0
