ZL,error,N
-0.021263465912790804,0.00789655770896536,2000.0
