O^z,error,N,total_data
0.08661432083823115,0.0005150540692516114,2000.0,32000.0
