ZL,error,N
-0.14367242977291383,0.006152710725064235,2000.0
