ZL,error,N
0.06106927376669419,0.008520567141532992,2000.0
