O^z,error,N,total_data
0.04250822745061614,0.0002825869948131196,2000.0,64000.0
