O^z,error,N,total_data
0.059134089243615066,0.00037341039853854474,2000.0,48000.0
