ZL,error,N
0.13160472980437457,0.008685573346037284,2000.0
