O^z,error,Nseed,Nsample
0.09415580376036524,0.0004382640348688698,2000.0,48000.0
