O^z,error,Nseed,Nsample
0.18154888138804076,0.002356301082904374,2000.0,2000.0
