ZL,error,N
-0.18540292536155062,0.006626582501267105,2000.0
