ZL,error,N
-0.15177761045196697,0.007082775602875369,2000.0
