ZL,error,N
-0.1263778489476573,0.007356977684201503,1993.0
