ZL,error,N
-0.2322423253767034,0.005265268711227965,2000.0
