ZL,error,N
-0.19978837224814702,0.007905900205055627,2000.0
