ZL,error,N
-0.24650158369993694,0.00687156526529727,2000.0
