ZL,error,N
-0.2262540209168729,0.007550636015297347,2000.0
