ZL,error,Nseed,Nsample
-0.277140585051667,0.005221512636279459,2000.0,2000.0
