O^z,error,N,total_data
0.09749983797404121,0.0004430831826572912,2000.0,48000.0
