O^z,error,N,total_data
0.12528474267102094,0.0005742809206344831,2000.0,32000.0
