ZL,error,N
-0.27710384141930045,0.006094832515659694,2000.0
