O^z,error,N,total_data
0.07927601536533978,0.00035200269483847427,2000.0,64000.0
