O^z,error,N,total_data
0.12487347013109903,0.0005650994521418955,2000.0,32000.0
