ZL,error,N
-0.2500886096666861,0.006876005307671853,2000.0
