ZL,error,N
-0.2913317167675745,0.0048668163500804875,2000.0
