O^z,error,N,total_data
0.09731227855996565,0.00043300289106012514,2000.0,48000.0
