ZL,error,N
-0.2704333793462292,0.006524590066114377,2000.0
