O^z,error,N,total_data
0.058830197206715805,0.0003103185761138072,2000.0,64000.0
