O^z,error,N,total_data
0.11076715256151966,0.0005005002935212673,2000.0,32000.0
