O^z,error,N,total_data
0.17822987561201128,0.0019232506564103265,2000.0,2000.0
