O^z,error,N,total_data
0.07805106157074762,0.0003865921092471694,2000.0,48000.0
