ZL,error,N
-0.11662497097650282,0.0061912944576389154,2000.0
