ZL,error,N
0.00975783339519329,0.007804940440213694,2000.0
