ZL,error,N
0.09993046079481184,0.008220634340931449,2000.0
