ZL,error,N
0.1766973461041184,0.008370947742280265,2000.0
