ZL,error,N
-0.4346791188333424,0.0073233137100186235,2000.0
