O^z,error,N,total_data
0.21484879811267873,0.0005187053545798421,2000.0,32000.0
