ZL,error,N
-0.4083113206792579,0.006376005376209692,2000.0
