ZL,error,N
-0.38181662021002866,0.004371256394837269,2000.0
