O^z,error,N,total_data
0.19863599009612395,0.0004593061272859947,2000.0,48000.0
