O^z,error,N,total_data
0.1890247167400535,0.0004092034813352142,2000.0,64000.0
