ZL,error,N
-0.4565624883647264,0.007793811078893308,2000.0
