ZL,error,N
-0.33036029708176756,0.0011820343900190268,2000.0
