ZL,error,N
-0.3307581786758234,0.002683971729461543,2000.0
