ZL,error,N
-0.3895176254728934,0.004321581778928016,2000.0
