ZL,error,N
-0.35388481536432104,0.0036835419021611538,2000.0
