O^z,error,N,total_data
0.17780491193572556,0.0004556009791042469,2000.0,32000.0
