O^z,error,N,total_data
0.2275399019694573,0.0014072189666651004,2000.0,2000.0
