O^z,error,N,total_data
0.15468910585880802,0.000407505778897224,2000.0,48000.0
