O^z,error,N,total_data
0.13974091127321428,0.0003711307105123047,2000.0,64000.0
