ZL,error,N
-0.26709283450633464,0.007886677615532064,2000.0
