ZL,error,N
-0.3016324488109734,0.0052004621683297,2000.0
