O^z,error,N,total_data
0.09978337590526747,0.000395967347807945,2000.0,64000.0
