ZL,error,N
-0.278375745355312,0.007115326799655844,2000.0
