ZL,error,N
-0.2450631126405709,0.008499993679727256,2000.0
