O^z,error,N,total_data
0.05715000030887768,0.0002938658224335439,2000.0,48000.0
