ZL,error,N
0.23077474005900342,0.006693984078371386,2000.0
