ZL,error,N
0.3251140293762764,0.006919231166097694,2000.0
