O^z,error,N,total_data
0.03951121756861511,0.00022757497967016438,2000.0,64000.0
