ZL,error,N
0.08762448302835855,0.006195362784108868,2000.0
