ZL,error,N
-0.12492895764440225,0.004532111511409815,2000.0
