O^z,error,N,total_data
0.09157590602329337,0.0004005314207062722,2000.0,32000.0
