O^z,error,N,total_data
0.1656449897466251,0.0023119530579265254,2000.0,2000.0
