O^z,error,N,total_data
0.07403834611976404,0.0004131927075878015,2000.0,48000.0
