O^z,error,N,total_data
0.057480878753681595,0.0003282929407419553,2000.0,64000.0
