ZL,error,N
-0.2362832268692488,0.007464024154228949,2000.0
