O^z,error,N,total_data
0.0985186964092145,0.00044633907597605056,2000.0,48000.0
