O^z,error,N,total_data
0.12653538619039859,0.0005743632618435937,2000.0,32000.0
