O^z,error,N,total_data
0.0805833295784313,0.00036049958583014494,2000.0,64000.0
