ZL,error,N
-0.2119762578895421,0.007837779366359694,2000.0
