ZL,error,N
-0.2793122638729813,0.0051633852526185055,2000.0
