ZL,error,N
-0.25427697744940086,0.006799436492583091,2000.0
