O^z,error,N,total_data
0.1849461269294546,0.0022857086649398293,2000.0,2000.0
