O^z,error,N,total_data
0.054134450584161636,0.0003167669652912479,2000.0,64000.0
