O^z,error,N,total_data
0.07202062638083499,0.00040330151586071846,2000.0,48000.0
