O^z,error,N,total_data
0.16112605951300463,0.0023684711877829724,2000.0,2000.0
