O^z,error,N,total_data
0.10016306389338597,0.0005440194365317953,2000.0,32000.0
