ZL,error,N
-0.23573752086971086,0.008623410249773112,2000.0
