ZL,error,N
-0.2094813926299371,0.009382589271626232,2000.0
