O^z,error,N,total_data
0.12676558935887489,0.000423212708850833,2000.0,64000.0
