ZL,error,N
-0.2645144600843309,0.0075232643018523105,2000.0
