O^z,error,N,total_data
0.14428938581035342,0.0004819621507018934,2000.0,48000.0
