ZL,error,N
-0.3033724783392005,0.005180956517862211,2000.0
