O^z,error,N,total_data
0.0399894443800771,0.0002742566428369245,2000.0,64000.0
