O^z,error,N,total_data
0.14581080022345785,0.0023358548609914665,2000.0,2000.0
