O^z,error,N,total_data
0.25845108294884866,0.0002350277836665273,2000.0,64000.0
