O^z,error,N,total_data
0.2606542438819327,0.00026476689070376107,2000.0,48000.0
