O^z,error,N,total_data
0.2787887477534301,0.0008448808308985135,2000.0,2000.0
