O^z,error,N,total_data
0.2637759156118955,0.00030108350124361015,2000.0,32000.0
