O^z,error,N,total_data
0.06402494801424106,0.00038603143963417927,2000.0,48000.0
