ZL,error,N
-0.15976063335787263,0.0060927569212012485,2000.0
