ZL,error,N
0.0978768018115018,0.008874744601918304,2000.0
