ZL,error,N
-0.04591843156752168,0.007886112947697938,2000.0
