ZL,error,N
0.03178514978853038,0.008520871529109485,2000.0
