O^z,error,N,total_data
0.04779050011581277,0.00030010904249048743,2000.0,64000.0
