O^z,error,N,total_data
0.22846482777767652,0.0003271657869648552,2000.0,64000.0
