O^z,error,N,total_data
0.23288091498147198,0.0003621982575807627,2000.0,48000.0
