O^z,error,N,total_data
0.24037088746844423,0.00041326234263583026,2000.0,32000.0
