O^z,error,N,total_data
0.26657747916154734,0.0012407130713754952,2000.0,2000.0
