ZL,error,N
0.10351499683655653,0.007622794514051214,2000.0
