ZL,error,N
-0.060733541719571814,0.006351492434452945,2000.0
