ZL,error,N
0.2939649834837612,0.007809450494705358,2000.0
