ZL,error,N
0.21103435034441062,0.00784494826739591,2000.0
