O^z,error,N,total_data
0.10592010472483918,0.0005527820709623709,2000.0,32000.0
