O^z,error,Nseed,Nsample
0.16652741324531836,0.002383715169421871,2000.0,2000.0
