O^z,error,Nseed,Nsample
0.078128593932844,0.0004143172958981789,2000.0,48000.0
