O^z,error,N,total_data
0.06091497229938726,0.00032456104547716295,2000.0,64000.0
