O^z,error,N,total_data
0.24711288770311787,0.0019431063055016845,2000.0,2000.0
