O^z,error,N,total_data
0.22877166450753164,0.0020785027644100672,2000.0,2000.0
