ZL,error,N
-0.3651417798179888,0.00667891532498667,2000.0
