ZL,error,N
-0.35929287856692455,0.004510932596565032,2000.0
