ZL,error,N
-0.37933954034533546,0.007760087224517586,2000.0
