ZL,error,N
-0.3887542400069911,0.008390565619958275,2000.0
