O^z,error,N,total_data
0.0405704742459189,0.00030915235039122725,2000.0,48000.0
