O^z,error,N,total_data
0.026659183460811173,0.00022449760457694026,2000.0,64000.0
