ZL,error,N
0.18365371827723515,0.007948174895980174,2000.0
