ZL,error,N
0.2647774473709227,0.007988484414401325,2000.0
