O^z,error,N,total_data
0.06698661094837839,0.00046439142334247645,2000.0,32000.0
