ZL,error,N
0.08042874603667736,0.007728654629119334,2000.0
