O^z,error,N,total_data
0.09936433043335052,0.0005407295655982178,2000.0,32000.0
