O^z,error,N,total_data
0.07061754329040974,0.00039135583447880113,2000.0,48000.0
