O^z,error,N,total_data
0.16103632780470892,0.0023962215984313245,2000.0,2000.0
