O^z,error,N,total_data
0.2639809636133468,0.001780057263301347,2000.0,2000.0
