O^z,error,N,total_data
0.2321183936698777,0.000532191559546057,2000.0,32000.0
