O^z,error,N,total_data
0.2686389439401041,0.0013790984262607212,2000.0,2000.0
