O^z,error,N,total_data
0.1866303696068185,0.00212926699094051,2000.0,2000.0
