O^z,error,N,total_data
0.25227875373319275,0.0016719285091552412,2000.0,2000.0
