O^z,error,N,total_data
0.03587987533015478,0.0002617075198016463,2000.0,64000.0
