ZL,error,N
0.009329108128147011,0.00784916061319364,2000.0
