ZL,error,N
0.09451309605536455,0.008337158427950433,2000.0
