O^z,error,N,total_data
0.05194714051806484,0.00034971240407427444,2000.0,48000.0
