ZL,error,N
0.175484965099953,0.008463176067162329,2000.0
