ZL,error,N
-0.12115704405700808,0.006194241731455448,2000.0
