O^z,error,N,total_data
0.19573589019159138,0.0022805146988594295,2000.0,2000.0
