ZL,error,N
-0.2597272003671306,0.006802322513628678,2000.0
