O^z,error,N,total_data
0.128346248866266,0.0005766176675047843,2000.0,32000.0
