O^z,error,N,total_data
0.08245867407049422,0.00036780667949809113,2000.0,64000.0
