ZL,error,N
-0.2168040390560041,0.007886807126624007,2000.0
