ZL,error,N
-0.24187478679206328,0.007409237941927602,2000.0
