ZL,error,Nseed,Nsample
-0.2839734499587088,0.005143285895465932,2000.0,2000.0
