O^z,error,N,total_data
0.1001763082909586,0.00044683589852030886,2000.0,48000.0
