O^z,error,N,total_data
0.19111043781504355,0.0015877153851739175,2000.0,2000.0
