O^z,error,N,total_data
0.2438157122478643,0.0011663842392478764,2000.0,2000.0
