O^z,error,N,total_data
0.18023282317594563,0.00034130979277876503,2000.0,64000.0
