O^z,error,N,total_data
0.2748496537706436,0.00021680289255218254,2000.0,32000.0
