O^z,error,N,total_data
0.283929274094164,0.0005059835345256305,2000.0,2000.0
