O^z,error,N,total_data
0.27326774331958714,0.0002016812231404866,2000.0,48000.0
