O^z,error,N,total_data
0.2715797743563048,0.00018214549780450832,2000.0,64000.0
