ZL,error,N
0.004496665995238109,0.009260631693291813,2000.0
