ZL,error,N
-0.0474018436058164,0.00855461139116802,2000.0
