O^z,error,N,total_data
0.13936660009843146,0.0005178768363568695,2000.0,32000.0
