ZL,error,N
-0.12281484083443518,0.007355256529480862,2000.0
