ZL,error,N
-0.23014776757985173,0.005068316109823982,2000.0
