O^z,error,N,total_data
0.10328141359009602,0.0005521133770794123,2000.0,32000.0
