O^z,error,N,total_data
0.16455664967198053,0.00236432414221805,2000.0,2000.0
