O^z,error,N,total_data
0.07538711032227133,0.0004071187510065411,2000.0,48000.0
