O^z,error,N,total_data
0.05798134882928066,0.00032627557508787386,2000.0,64000.0
