ZL,error,N
-0.1696549893264441,0.005973226315708326,2000.0
