ZL,error,N
0.052048791593103216,0.008751812670973063,2000.0
