O^z,error,N,total_data
0.06473339302992458,0.0003887115397686375,2000.0,48000.0
