ZL,error,N
-0.008996998487315956,0.008448241613630043,2000.0
