O^z,error,N,total_data
0.04821020590545321,0.00029903156730229217,2000.0,64000.0
