ZL,error,N
-0.07137674389987707,0.007760097020922372,2000.0
