O^z,error,N,total_data
0.09215164774313085,0.0005324936999143811,2000.0,32000.0
