O^z,error,N,total_data
0.0525628144797763,0.00030923733776460905,2000.0,64000.0
