O^z,error,N,total_data
0.15907019535180725,0.00235530620379913,2000.0,2000.0
