O^z,error,N,total_data
0.04191421142788022,0.0003159858532894862,2000.0,48000.0
