ZL,error,N
0.1543686337333887,0.008065825892854019,2000.0
