ZL,error,N
-0.087933879798618,0.006273859192381049,2000.0
