ZL,error,N
0.058130671660623204,0.0077173134729361026,2000.0
