ZL,error,N
0.23303994355818874,0.008187174809903743,2000.0
