ZL,error,N
0.2096893949359184,0.007854300746465566,2000.0
