ZL,error,N
-0.06184641879103593,0.006358280824850009,2000.0
