ZL,error,N
0.29228990234314906,0.007875873985670728,2000.0
