ZL,error,N
0.10363847511062922,0.0076393102320855754,2000.0
