O^z,error,N,total_data
0.05665654820703684,0.0003143259400107678,2000.0,64000.0
