O^z,error,N,total_data
0.10153861453313304,0.0005488058484003505,2000.0,32000.0
