O^z,error,Nseed,Nsample
0.07440221653392008,0.00040264394401731316,2000.0,48000.0
