O^z,error,Nseed,Nsample
0.16257626708085712,0.0023852205916280933,2000.0,2000.0
