O^z,error,N,total_data
0.10561274946578723,0.00027060151474302255,2000.0,32000.0
