O^z,error,N,total_data
0.18946478285374801,0.0007529555425765833,2000.0,2000.0
