O^z,error,N,total_data
0.039819777599132966,0.00017570155547648342,2000.0,64000.0
