O^z,error,N,total_data
0.062469967535481175,0.00021587005953736883,2000.0,48000.0
