O^z,error,N,total_data
0.17392616924923404,0.0012393901453339126,2000.0,2000.0
