O^z,error,N,total_data
0.06883824539368907,0.00033250582151344313,2000.0,64000.0
