O^z,error,N,total_data
0.0856677774352101,0.00041901080450492344,2000.0,48000.0
