O^z,error,N,total_data
0.17466313064284494,0.0023589654546740148,2000.0,2000.0
