O^z,error,N,total_data
0.11606474464380284,0.0005567259504011184,2000.0,32000.0
