ZL,error,N
-0.14534695235362016,0.006143222968383146,2000.0
