ZL,error,N
0.0634624645444077,0.008519314385267191,2000.0
