O^z,error,N,total_data
0.08784500724423311,0.000518049346257893,2000.0,32000.0
