O^z,error,N,total_data
0.05927631472054006,0.00037412773362592236,2000.0,48000.0
