ZL,error,N
0.13139613065490915,0.00876986661971971,2000.0
