O^z,error,N,total_data
0.04306797943195458,0.0002853269129755429,2000.0,64000.0
