ZL,error,N
-0.025245407325348072,0.007909756687505366,2000.0
