O^z,error,N,total_data
0.16799460161065735,0.002318751704503641,2000.0,2000.0
