O^z,error,N,total_data
0.0614430940355197,0.0003369162062342107,2000.0,64000.0
