O^z,error,N,total_data
0.10665112488419021,0.0005570321159909807,2000.0,32000.0
