O^z,error,N,total_data
0.1973209479608333,0.0022331495789667797,2000.0,2000.0
