O^z,error,N,total_data
0.11363506910000563,0.00047385162720138866,2000.0,48000.0
