O^z,error,N,total_data
0.14063781194244637,0.0005877840249918581,2000.0,32000.0
