O^z,error,N,total_data
0.09513353244622856,0.00039748297419300334,2000.0,64000.0
