ZL,error,N
-0.2149270603773584,0.007708185640868455,2000.0
