O^z,error,N,total_data
0.09659221912344439,0.000445411275251239,2000.0,48000.0
