ZL,error,N
-0.23755266091376664,0.0069906567790779415,2000.0
