ZL,error,Nseed,Nsample
-0.27322777135619825,0.005271056622776263,2000.0,2000.0
