ZL,error,N
-0.18811866569699973,0.00817105049705123,2000.0
