ZL,error,N
-0.454415636162712,0.00759603821011079,2000.0
