ZL,error,N
-0.42974875224482434,0.007156747323098005,2000.0
