ZL,error,N
-0.39974637273387925,0.006229767639413588,2000.0
