ZL,error,N
-0.375564751122803,0.004163662995547234,2000.0
