O^z,error,Nseed,Nsample
0.16023025534162874,0.0023534196339111825,2000.0,2000.0
