O^z,error,Nseed,Nsample
0.07069960494283463,0.00039943315540450267,2000.0,48000.0
