ZL,error,N
-0.07274586292291906,0.009389343699600813,2000.0
