O^z,error,N,total_data
0.10640434708545549,0.0003877096672835491,2000.0,64000.0
