ZL,error,N
-0.17303827471814504,0.007375073795051863,2000.0
