ZL,error,N
-0.2579058059026354,0.004995866312970152,2000.0
