ZL,error,N
-0.11726800718281527,0.008578434543243335,2000.0
