O^z,error,N,total_data
0.1241376603590731,0.0004450877677087105,2000.0,48000.0
