ZL,error,N
-0.12651908261210001,0.007392867024768147,2000.0
