ZL,error,N
-0.08373317162211077,0.007924390769342019,2000.0
