ZL,error,N
-0.20173206957843698,0.005676268276827544,2000.0
