ZL,error,N
-0.036257214647700875,0.008324300239310717,2000.0
