O^z,error,N,total_data
0.2596870376061035,0.0015457637079552564,2000.0,2000.0
