O^z,error,N,total_data
0.2278219976101819,0.0004860577538801668,2000.0,32000.0
