O^z,error,N,total_data
0.20812100271310302,0.0003830184016244824,2000.0,64000.0
