O^z,error,N,total_data
0.2152520376627872,0.0004276673516047976,2000.0,48000.0
