O^z,error,Nseed,Nsample
0.06435087049230191,0.0003868530825322118,2000.0,48000.0
