O^z,error,Nseed,Nsample
0.09195583716025017,0.0005325554860821304,2000.0,32000.0
