O^z,error,Nseed,Nsample
0.04810594304752598,0.00030131195246328984,2000.0,64000.0
