O^z,error,N,total_data
0.15483102109414937,0.0023436870751809614,2000.0,2000.0
