O^z,error,N,total_data
0.22153796017723418,0.001960258167901397,2000.0,2000.0
