O^z,error,N,total_data
0.17029168150803464,0.0005691962461328776,2000.0,32000.0
