O^z,error,N,total_data
0.06346317889224677,0.0003844619083692807,2000.0,48000.0
