O^z,error,N,total_data
0.09138032133232693,0.0005291361692853722,2000.0,32000.0
