O^z,error,N,total_data
0.046556241473923905,0.00029324684268103513,2000.0,64000.0
