O^z,error,N,total_data
0.15421796971442495,0.0023364119398137607,2000.0,2000.0
