ZL,error,N
-0.3342560563955138,0.00590726256983396,2000.0
