O^z,error,N,total_data
0.14587118932214083,0.0005761419670726556,2000.0,32000.0
