ZL,error,N
-0.337123247464256,0.006529771514984026,2000.0
