ZL,error,N
-0.3362869785636742,0.0068523439994363266,2000.0
