O^z,error,N,total_data
0.11913454710962078,0.00046145518233299505,2000.0,48000.0
