O^z,error,N,total_data
0.10309602463168818,0.0003869507009834939,2000.0,64000.0
