ZL,error,N
-0.3267385857967134,0.004722504107712232,2000.0
