O^z,error,N,total_data
0.04163682283996711,0.00031395190178783454,2000.0,48000.0
