O^z,error,N,total_data
0.06732948673445066,0.00046114370889267846,2000.0,32000.0
