ZL,error,N
0.08244102547480692,0.007693490725642259,2000.0
