O^z,error,N,total_data
0.027629675479954503,0.0002305425185793539,2000.0,64000.0
