ZL,error,N
0.1822958208584013,0.008046170110759036,2000.0
