ZL,error,N
0.2580621552388607,0.00806790205764096,2000.0
