O^z,error,N,total_data
0.057275460653555654,0.00031200483051273107,2000.0,64000.0
