O^z,error,N,total_data
0.07379838594279059,0.00039772184519131236,2000.0,48000.0
