O^z,error,N,total_data
0.10378239825343955,0.0005487478459793188,2000.0,32000.0
