O^z,error,N,total_data
0.16609113500385952,0.002370315029754544,2000.0,2000.0
