ZL,error,N
-0.3662649261509142,0.004338829794118999,2000.0
