ZL,error,N
-0.3980192818038623,0.005441710783472238,2000.0
