ZL,error,N
-0.350157484361835,0.002552865051711192,2000.0
