ZL,error,N
-0.4337063392299662,0.006110305488242438,2000.0
