O^z,error,Nseed,Nsample
0.07751913901253138,0.0004144800030154075,2000.0,48000.0
