O^z,error,Nseed,Nsample
0.16626865326067705,0.0023583022825600522,2000.0,2000.0
