O^z,error,N,total_data
0.11373831465561232,0.000562961177225754,2000.0,32000.0
