O^z,error,Nseed,Nsample
0.17351327986980228,0.0023861430131991114,2000.0,2000.0
