O^z,error,Nseed,Nsample
0.08472511691157945,0.0004253558085622739,2000.0,48000.0
