O^z,error,N,total_data
0.06680253078337442,0.0003375457838376551,2000.0,64000.0
