ZL,error,N
-0.18062859220403277,0.007572958415091858,2000.0
