ZL,error,N
-0.14340123968119062,0.008002126214181166,2000.0
