ZL,error,N
-0.2046244312364305,0.0070168267327227725,2000.0
