ZL,error,Nseed,Nsample
-0.2499320203291387,0.00533999556020419,2000.0,2000.0
