O^z,error,N,total_data
0.00867422579924599,0.00012164820535823328,2000.0,48000.0
