O^z,error,N,total_data
0.0835960574903651,0.0016771539072638754,2000.0,2000.0
