O^z,error,N,total_data
0.18889068333688144,0.0022709730671642597,2000.0,2000.0
