SOP,error,Nseed,Nsample
0.260972114270519,0.00022273450952058573,2000.0,32000.0
