O^z,error,N,total_data
0.2550919267892896,0.0012847657093886051,50.0,1600.0
