SOP,error,Nseed,Nsample
0.27526599175919214,0.0005033934044239048,2000.0,2000.0
