O^z,error,N,total_data
0.12205473115844759,0.000569371254639501,2000.0,32000.0
