O^z,error,N,total_data
0.076367741191242,0.000359180940181574,2000.0,64000.0
