O^z,error,N,total_data
0.1816307780280766,0.0023652915411355017,2000.0,2000.0
