O^z,error,N,total_data
0.24351760893902238,0.00200235920241585,2000.0,2000.0
