O^z,error,N,total_data
0.17200923163127393,0.0004374569887743049,2000.0,64000.0
