O^z,error,N,total_data
0.20300961451383753,0.0005719305512823793,2000.0,32000.0
