O^z,error,N,total_data
0.1836090272411437,0.0004889341261331805,2000.0,48000.0
