O^z,error,N,total_data
0.05717690133388914,0.0003103260435119947,2000.0,64000.0
