O^z,error,N,total_data
0.10258008691270029,0.0005456097008199803,2000.0,32000.0
