O^z,error,N,total_data
0.16482932972368047,0.0023742483394195136,2000.0,2000.0
