O^z,error,N,total_data
0.07325661987055489,0.0003953219137702186,2000.0,48000.0
