O^z,error,N,total_data
0.19005003838330722,0.0023470310137092766,2000.0,2000.0
