ZL,error,N
-0.15920586164737072,0.007308268427372789,2000.0
