ZL,error,N
-0.251218326708882,0.0051742057528977835,2000.0
