ZL,error,N
-0.18547581562116885,0.007074756216164923,2000.0
