ZL,error,N
-0.21423151244037053,0.006553338946339326,2000.0
