ZL,error,N
-0.302260518213504,0.006805093403283397,2000.0
