ZL,error,N
-0.3257339544329347,0.004455687227293875,2000.0
