ZL,error,N
-0.29459352291435886,0.00875319047865478,2000.0
