ZL,error,N
-0.2962259652092333,0.007978282126107593,2000.0
