O^z,error,N,total_data
0.1313941403053259,0.0003176072081529037,2000.0,64000.0
