O^z,error,N,total_data
0.17160564625853933,0.00037037073795506643,2000.0,32000.0
