O^z,error,N,total_data
0.14589461882464044,0.0003404515251576435,2000.0,48000.0
