O^z,error,N,total_data
0.22498347638383512,0.0009906623275494515,2000.0,2000.0
