O^z,error,N,total_data
0.24032829769140635,0.000380229357315806,2000.0,64000.0
