O^z,error,N,total_data
0.2812602810407636,0.001577760772773805,2000.0,2000.0
