O^z,error,N,total_data
0.04661170491374137,0.0003359370871322199,2000.0,48000.0
