O^z,error,N,total_data
0.13649680620342847,0.0022695856748668293,2000.0,2000.0
