O^z,error,N,total_data
0.15547965009907228,0.0004322958264106823,2000.0,64000.0
