ZL,error,N
-0.34260282148799404,0.00881512505314994,2000.0
