O^z,error,N,total_data
0.19052765690796694,0.0005648003002202811,2000.0,32000.0
