ZL,error,N
-0.3426202830367203,0.008182561770028582,2000.0
