ZL,error,N
-0.3459696698695697,0.004900758126013493,2000.0
