ZL,error,N
-0.3418499041202752,0.007135501005239252,2000.0
