O^z,error,N,total_data
0.16903546727942179,0.0004883830182190956,2000.0,48000.0
