O^z,error,N,total_data
0.0859822912907159,0.0004188223774358255,2000.0,48000.0
