O^z,error,N,total_data
0.06910152838562501,0.0003339013478152526,2000.0,64000.0
