O^z,error,N,total_data
0.11494607618095026,0.0005547045094156521,2000.0,32000.0
