O^z,error,N,total_data
0.1750388000958917,0.0023708953769073066,2000.0,2000.0
