O^z,error,N,total_data
0.05106926668069595,0.0002680488833950885,2000.0,64000.0
