O^z,error,N,total_data
0.1767818267725505,0.001730008454362727,2000.0,2000.0
