O^z,error,N,total_data
0.10407336104463717,0.00044964507131480284,2000.0,32000.0
