O^z,error,N,total_data
0.06994446882992185,0.000341123157773532,2000.0,48000.0
