O^z,error,N,total_data
0.06910873009155699,0.0003444841696876993,2000.0,64000.0
