O^z,error,Nseed,Nsample
0.08632709317781528,0.0004258411373169314,2000.0,48000.0
