O^z,error,N,total_data
0.1148071421385066,0.0005624641450513747,2000.0,32000.0
