O^z,error,Nseed,Nsample
0.17541150214597467,0.002392986952109894,2000.0,2000.0
