O^z,error,N,total_data
0.1364533178524949,0.0004337308191780523,2000.0,64000.0
