O^z,error,N,total_data
0.1520402294665624,0.0004979773320244077,2000.0,48000.0
