O^z,error,N,total_data
0.22610985947399292,0.002042258677251117,2000.0,2000.0
