O^z,error,N,total_data
0.268160419726056,0.00045417867733043963,2000.0,32000.0
