ZL,error,N
-0.7217354162848925,0.00410335906501014,2000.0
