ZL,error,N
-0.6748399909154297,0.004283714298683891,2000.0
