O^z,error,N,total_data
0.2541400938366705,0.0003555567571535612,2000.0,64000.0
