O^z,error,N,total_data
0.25760511954474496,0.0003990269285724369,2000.0,48000.0
