ZL,error,N
-0.49744874662023614,0.0033336380074220177,2000.0
