ZL,error,N
-0.6114537748574602,0.004196246630174361,2000.0
