ZL,error,N
-0.40768670236020393,0.004194491387472003,2000.0
