O^z,error,N,total_data
0.20051664971638006,0.0005622206725927731,2000.0,32000.0
