ZL,error,N
-0.5420857734524941,0.005896219540426897,2000.0
