O^z,error,N,total_data
0.18228264707883232,0.00047495987449573673,2000.0,48000.0
