ZL,error,N
-0.520710213387365,0.005574800816142487,2000.0
