O^z,error,N,total_data
0.1691630638302928,0.0004219050823230073,2000.0,64000.0
