ZL,error,N
-0.4753767351868931,0.0052530525052915545,2000.0
