O^z,error,N,total_data
0.3330787365036964,0.0006870337365031893,60.0,1920.0
