ZL,error,N
0.04315602484775953,0.008885482231724617,2000.0
