O^z,error,N,total_data
0.09868109017578683,0.0005427347495466889,2000.0,32000.0
