ZL,error,N
-0.08808091148001154,0.00788711282135116,2000.0
