ZL,error,N
-0.015625715903970567,0.008513543724868655,2000.0
