O^z,error,N,total_data
0.052659541102846034,0.00031439500316168074,2000.0,64000.0
