O^z,error,N,total_data
0.14660099868765444,0.0004888784735998794,2000.0,48000.0
