O^z,error,N,total_data
0.17046740136844823,0.0005934540993942096,2000.0,32000.0
