O^z,error,N,total_data
0.13121971079523184,0.0004276133247700646,2000.0,64000.0
