O^z,error,N,total_data
0.22057898151343855,0.0021770222288347305,2000.0,2000.0
