ZL,error,N
-0.09226412199500117,0.008033392646818712,2000.0
