ZL,error,Nseed,Nsample
-0.21240763099808363,0.005684032917334269,2000.0,2000.0
