ZL,error,N
-0.13892511482718756,0.007436735878541348,2000.0
