ZL,error,N
-0.049463515948551716,0.008445112050218659,2000.0
