O^z,error,N,total_data
0.24028582914295196,0.0020553344235024786,2000.0,2000.0
