O^z,error,N,total_data
0.05830875489107836,0.0003223142506544814,2000.0,64000.0
