ZL,error,N
-0.21385040868897523,0.005702116001854147,2000.0
