O^z,error,N,total_data
0.07353420724225411,0.00040376546332252465,2000.0,48000.0
