ZL,error,N
-0.057247782663660915,0.008536467104584083,2000.0
