ZL,error,N
-0.0968454749005513,0.008072828328635163,2000.0
