ZL,error,N
-0.14308244797940495,0.007416516439485661,2000.0
