O^z,error,N,total_data
0.06588324940583933,0.00039341450533750624,2000.0,48000.0
