ZL,error,N
-0.009759740632167743,0.008460239946681087,2000.0
