ZL,error,N
-0.0776082559281983,0.007818636135601813,2000.0
