ZL,error,N
-0.17536192170190337,0.005978511919474501,2000.0
