ZL,error,N
0.04837512212518665,0.008811764463542255,2000.0
