O^z,error,N,total_data
0.1934549642854191,0.0022055665896092303,2000.0,2000.0
