ZL,error,N
-0.41675992382084326,0.007371830838381538,2000.0
