ZL,error,N
-0.39133352914692715,0.006727617405103976,2000.0
