ZL,error,N
-0.3551793179313443,0.003595083875663395,2000.0
