ZL,error,N
-0.3683507503395094,0.0056423674388059,2000.0
