O^z,error,N,total_data
0.2517054773924634,0.000702631545119225,2000.0,2000.0
