O^z,error,N,total_data
0.20967440078899674,0.00025149290968391345,2000.0,64000.0
