O^z,error,N,total_data
0.21185422055480163,0.00027489475821218095,2000.0,47991.0
