ZL,error,N
-0.14769081600614237,0.007169149170630405,2000.0
