ZL,error,N
-0.20212779529941172,0.00649834493502664,2000.0
