ZL,error,N
-0.17361839032391588,0.006835435668044007,2000.0
