ZL,error,N
-0.24154514618642428,0.005165596484670383,2000.0
