ZL,error,N
-0.03784694535278492,0.007191048693828982,2000.0
