ZL,error,N
0.021620156987217892,0.008146701701193122,2000.0
