ZL,error,N
-0.23916384821456085,0.0034858691700882837,2000.0
