ZL,error,N
-0.11948206449437102,0.005820073367295536,2000.0
