O^z,error,N,total_data
0.09670284756164185,0.0003160229290524491,2000.0,64000.0
