SOP,error,Nseed,Nsample
0.10573171696303567,0.0002149812243161244,2000.0,32000.0
