O^z,error,N,total_data
0.028267644161420323,0.0007188779941907022,50.0,1600.0
