ZL,error,N
-0.17435268322575095,0.005167770526262975,2000.0
