O^z,error,N,total_data
0.06268394224053299,0.0003134050013768444,2000.0,64000.0
