ZL,error,N
-0.01621117030123448,0.007209745721980742,2000.0
