ZL,error,N
0.1652306932164384,0.008632625712253705,2000.0
