ZL,error,N
0.0896578585097008,0.008137199232939865,2000.0
