ZL,error,N
-0.4221648286038257,0.005288849329105606,2000.0
