ZL,error,N
-0.5070994606709278,0.006496412127926527,2000.0
