ZL,error,N
-0.46867659747455276,0.0060371736172473685,2000.0
