ZL,error,N
-0.3829629575175194,0.003449438992562063,2000.0
