ZL,error,N
-0.45858310957983534,0.004439980832561921,2000.0
