ZL,error,N
-0.5192817874795937,0.005026650785905321,2000.0
