ZL,error,N
-0.3981700270570049,0.0029250951554150198,2000.0
