O^z,error,N,total_data
0.2381712295374083,0.00037588236533925783,2000.0,32000.0
