O^z,error,N,total_data
0.23022043008741455,0.0003381196690859483,2000.0,48000.0
