ZL,error,N
-0.572992387759926,0.005130073405803345,2000.0
