ZL,error,N
-0.40899452310751505,0.00329462774321581,2000.0
