ZL,error,N
-0.5362070237242533,0.00533201409498323,2000.0
