ZL,error,N
-0.5845000160001652,0.0054681842230238815,2000.0
