ZL,error,N
-0.47246403601491427,0.0048775291520125694,2000.0
