O^z,error,N,total_data
0.11182844439664125,0.0005583376458631607,2000.0,32000.0
