ZL,error,N
-0.24177233277888785,0.005496874507350917,2000.0
