ZL,error,N
-0.1845029960459248,0.007237125853849968,2000.0
