ZL,error,N
-0.14837373809963214,0.00802118963140182,2000.0
