O^z,error,N,total_data
0.08380806538271734,0.0004252928436139574,2000.0,48000.0
