ZL,error,N
-0.11379657877145942,0.008418313920625474,2000.0
