O^z,error,Nseed,Nsample
0.07780496518482974,0.00041778941917412717,2000.0,48000.0
