O^z,error,Nseed,Nsample
0.05934458585566052,0.0003313048035404291,2000.0,64000.0
