O^z,error,Nseed,Nsample
0.10530086494354138,0.0005580956085556198,2000.0,32000.0
