O^z,error,N,total_data
0.1653613175442219,0.002334653165389256,2000.0,2000.0
