O^z,error,N,total_data
0.14964973089308278,0.0023123557779007424,2000.0,2000.0
