ZL,error,N
-0.07306515496017174,0.008342605292893338,2000.0
