ZL,error,N
-0.022104587754639738,0.00915349636283197,2000.0
