ZL,error,N
-0.2418488013030929,0.0047654725562973075,2000.0
