ZL,error,N
-0.14130721445465214,0.007167911475823883,2000.0
