O^z,error,N,total_data
0.08709864212964134,0.00033622234272185264,2000.0,64000.0
