O^z,error,N,total_data
0.1366994904625468,0.00046777513113851246,2000.0,32000.0
