O^z,error,N,total_data
0.10564595861790982,0.00039353450369945656,2000.0,48000.0
