O^z,error,N,total_data
0.20118852340218463,0.0015839081950095037,2000.0,2000.0
