ZL,error,N
-0.6262313263036244,0.0030373339218255106,2000.0
