ZL,error,N
-0.5417270488265865,0.0031236189430136393,2000.0
