ZL,error,N
-0.43858758103243767,0.0022068900410922524,2000.0
