ZL,error,N
-0.6866135319908911,0.0027250739162655146,2000.0
