O^z,error,N,total_data
0.3568568234081847,0.00011289223765043692,2000.0,32000.0
