O^z,error,N,total_data
0.35043184144886835,0.00010298096279174414,2000.0,48000.0
