O^z,error,N,total_data
0.3469709526359066,9.342706219090608e-05,2000.0,64000.0
