O^z,error,N,total_data
0.15331842368740126,0.0023098335112236813,2000.0,2000.0
