O^z,error,N,total_data
0.09078035666470922,0.000525449669968933,2000.0,32000.0
