O^z,error,N,total_data
0.0629863781741966,0.0003823060614856923,2000.0,48000.0
