ZL,error,N
-0.25900594249013825,0.008657373650969066,2000.0
