O^z,error,N,total_data
0.14976488146805889,0.0003883705751476284,2000.0,64000.0
