O^z,error,N,total_data
0.18482271257128882,0.0004863003174801147,2000.0,32000.0
