ZL,error,N
-0.2801004562036009,0.006492650860266538,2000.0
