ZL,error,N
-0.3135307237192924,0.004176743330067193,2000.0
