ZL,error,N
-0.26582120600903775,0.007784584182741671,2000.0
