ZL,error,N
-0.3240147186009914,0.006658072041536548,2000.0
