ZL,error,N
-0.32754283328323097,0.004934016757628172,2000.0
