ZL,error,N
-0.3178945631531992,0.00794860147794968,2000.0
