O^z,error,N,total_data
0.11232056026467094,0.00040529578333705626,2000.0,64000.0
