ZL,error,N
-0.3269175847278107,0.007470744553526813,2000.0
