O^z,error,N,total_data
0.15338510942302286,0.0005869650583228558,2000.0,32000.0
