O^z,error,N,total_data
0.12846536714082057,0.000480937069310401,2000.0,48000.0
