ZL,error,N
-0.2289387030051405,0.008700993540505388,2000.0
