O^z,error,N,total_data
0.1537608878826387,0.0005935478701320026,2000.0,32000.0
