ZL,error,N
-0.25440070668679793,0.007721476833858125,2000.0
