ZL,error,N
-0.2956314100323602,0.005441262494874595,2000.0
