ZL,error,N
-0.1978492921182121,0.009390496515499041,2000.0
