ZL,error,N
-0.1766145351193622,0.007046688293901929,2000.0
