ZL,error,N
-0.20500399027731492,0.006685893085033332,2000.0
