ZL,error,N
-0.14508282575846362,0.007524796934154629,2000.0
