ZL,error,N
-0.24637834735143874,0.0052094408729988035,2000.0
