SOP,error,Nseed,Nsample
0.29193775849630477,0.0006249546758820046,2000.0,2000.0
