O^z,error,N,total_data
0.21946247277856334,0.0020752892488131724,2000.0,2000.0
