ZL,error,N
-0.21551002386638476,0.006305392583055874,2000.0
