ZL,error,N
-0.2515738620972763,0.005081598051535534,2000.0
