ZL,error,N
-0.18929726697992533,0.006650314265888604,2000.0
