ZL,error,N
-0.17152434767164879,0.0068270034978579796,1991.0
