O^z,error,N,total_data
0.24776897677451212,0.0013393663032321226,2000.0,2000.0
