O^z,error,N,total_data
0.19554538760659992,0.00040012115948355123,2000.0,48000.0
