O^z,error,N,total_data
0.18764942436774348,0.0003622184154160512,2000.0,64000.0
