O^z,error,N,total_data
0.21111909076864474,0.0004433767482755432,2000.0,32000.0
