O^z,error,N,total_data
0.18018425789665296,0.0004961817884699705,2000.0,48000.0
