O^z,error,N,total_data
0.24293523266264214,0.0019701312130228797,2000.0,2000.0
