O^z,error,N,total_data
0.11065151556750527,0.0005607499823197519,2000.0,32000.0
