O^z,error,N,total_data
0.0658971912116887,0.0003340243866605826,2000.0,64000.0
