O^z,error,N,total_data
0.17142771107052496,0.0023842592482541296,2000.0,2000.0
