O^z,error,N,total_data
0.08195152852436247,0.0004180904194266075,2000.0,48000.0
