O^z,error,N,total_data
0.22641638021322083,0.0005420700354375037,2000.0,32000.0
