O^z,error,N,total_data
0.2606068650101812,0.0018183356137796288,2000.0,2000.0
