O^z,error,Nseed,Nsample
0.08481565822571673,0.0005140098948511839,2000.0,32000.0
