O^z,error,N,total_data
0.14739176517900804,0.0023205628515029354,2000.0,2000.0
