O^z,error,Nseed,Nsample
0.05690539182537256,0.00036691223389972224,2000.0,48000.0
