O^z,error,Nseed,Nsample
0.04190514409721869,0.0002799747957764112,2000.0,64000.0
