O^z,error,N,total_data
0.25520424006193715,0.0017810479722268349,2000.0,2000.0
