O^z,error,Nseed,Nsample
0.04945984195661066,0.00034462294161842824,2000.0,48000.0
