O^z,error,Nseed,Nsample
0.033833438467255866,0.00025262254163802125,2000.0,64000.0
