O^z,error,N,total_data
0.13943769263245254,0.002300676977809652,2000.0,2000.0
