O^z,error,Nseed,Nsample
0.07689143362450364,0.0004900954786879308,2000.0,32000.0
