ZL,error,N
-0.02947160094375789,0.009018644004781765,2000.0
