O^z,error,N,total_data
0.08206359414804071,0.00042458707478481694,2000.0,48000.0
