ZL,error,N
-0.13640683738398662,0.007757489941006204,2000.0
