ZL,error,N
-0.21285713298057085,0.005795889648448044,2000.0
