ZL,error,N
-0.08680179513949271,0.008524872520903799,2000.0
