O^z,error,N,total_data
0.07138820434142314,0.0003571130000574975,2000.0,64000.0
