O^z,error,N,total_data
0.11673446687507802,0.000567648041749895,2000.0,32000.0
