O^z,error,N,total_data
0.09056454161013332,0.0004422803288748447,2000.0,48000.0
