O^z,error,N,total_data
0.17662198126922518,0.002308037052249663,2000.0,2000.0
