ZL,error,N
-0.10585330836157411,0.008179196343707692,2000.0
