ZL,error,N
-0.1422187420328993,0.007815924063743169,2000.0
