ZL,error,N
-0.17840680774064246,0.007132860029551565,2000.0
