ZL,error,Nseed,Nsample
-0.23480066114317516,0.00546247281282096,2000.0,2000.0
