ZL,error,N
-0.1193625828403774,0.009242588701235942,2000.0
