ZL,error,N
-0.14994314095547426,0.008399852525079216,2000.0
