ZL,error,N
-0.27088888057148813,0.00466352411337694,2000.0
