ZL,error,N
-0.19570335377741424,0.007082056192452086,2000.0
