SOP,error,Nseed,Nsample
0.2655179683882396,0.000492223505093952,2000.0,2000.0
