O^z,error,N,total_data
0.23985544486005533,0.0013291703739385168,50.0,1600.0
