SOP,error,Nseed,Nsample
0.24053029712866356,0.0002181186999828271,2000.0,48000.0
