ZL,error,N
-0.06645241493934144,0.00865561951930876,2000.0
