ZL,error,N
-0.2055917559660207,0.005886183890712075,2000.0
