ZL,error,N
-0.1196187531066364,0.00785646259682253,2000.0
