O^z,error,N,total_data
0.062402763509119344,0.00033997085680647504,2000.0,64000.0
