ZL,error,N
-0.006642205004815966,0.00911085555928034,2000.0
