ZL,error,N
-0.1747911272010185,0.00868114473712433,2000.0
