ZL,error,N
-0.12883743840009582,0.009287253460153641,2000.0
