ZL,error,N
-0.26356359289625153,0.005620698673767033,2000.0
