ZL,error,N
-0.20827464737988374,0.007765196536657819,2000.0
