ZL,error,N
-0.2486289788122742,0.0057161421340179465,2000.0
