O^z,error,N,total_data
0.08279963481984502,0.0003796258891656815,2000.0,64000.0
