O^z,error,N,total_data
0.10162749953721249,0.0004598492779286389,2000.0,48000.0
