ZL,error,N
-0.14168697958057427,0.008773397469739761,2000.0
