O^z,error,N,total_data
0.129087856556615,0.0005772646046726794,2000.0,32000.0
