ZL,error,N
-0.08941804609755198,0.009343948659960386,2000.0
