ZL,error,N
-0.1814530971748099,0.007845117479723027,2000.0
