O^z,error,N,total_data
0.09932784906344039,0.0005436076698121971,2000.0,32000.0
