O^z,error,Nseed,Nsample
0.15976487038568696,0.002353231079030173,2000.0,2000.0
