O^z,error,N,total_data
0.054568958796009856,0.00031591646785516684,2000.0,64000.0
