O^z,error,Nseed,Nsample
0.07035834863852349,0.0003980687632314278,2000.0,48000.0
