O^z,error,N,total_data
0.0795043773253891,0.0004125714333994916,2000.0,48000.0
