O^z,error,N,total_data
0.1691881413235445,0.0023687197115316366,2000.0,2000.0
