O^z,error,N,total_data
0.061970243184388,0.0003244185036156228,2000.0,64000.0
