O^z,error,N,total_data
0.1083881443770564,0.0005519215066027716,2000.0,32000.0
