O^z,error,N,total_data
0.06617249660298263,0.00045930533245515463,2000.0,32000.0
