O^z,error,N,total_data
0.127897694557471,0.0022693728732328176,2000.0,2000.0
