O^z,error,N,total_data
0.03971305033623474,0.0003074235344157179,2000.0,48000.0
