SOP,error,Nseed,Nsample
0.2833620945913978,0.00023726155072074023,2000.0,32000.0
