O^z,error,N,total_data
0.18658950859419735,0.0023665719125636453,2000.0,2000.0
