ZL,error,N
0.10744931019041651,0.006105290535582383,2000.0
