ZL,error,N
0.550075367010174,0.005396228034801263,2000.0
