ZL,error,N
0.34227742111971593,0.006181385694809101,2000.0
