O^z,error,N,total_data
0.005482986661164416,9.361954866275587e-05,2000.0,64000.0
