ZL,error,N
0.4693826818806574,0.005884449135856507,2000.0
