O^z,error,N,total_data
0.011608645939533598,0.0001620916054004055,2000.0,48000.0
