ZL,error,N
-0.21825498783378505,0.00565947791708495,2000.0
