ZL,error,N
-0.14742913215194142,0.007405163081794508,2000.0
