ZL,error,N
-0.06136647006948621,0.008564284127321629,2000.0
