O^z,error,N,total_data
0.07522357572412945,0.00041039878784438806,2000.0,48000.0
