ZL,error,N
-0.10045392775235094,0.008087532297239061,2000.0
