O^z,error,N,total_data
0.05932844441722769,0.00032849577046911526,2000.0,64000.0
