O^z,error,N,total_data
0.07783134052832338,0.0003582198179088831,2000.0,64000.0
