O^z,error,N,total_data
0.12742918271308884,0.0005399267075855423,2000.0,32000.0
