O^z,error,N,total_data
0.09588814435539039,0.00043161143112442824,2000.0,48000.0
