O^z,error,N,total_data
0.1911498034335401,0.00201721877214116,2000.0,2000.0
