ZL,error,N
-0.39047763524138585,0.0017747126458473018,2000.0
