ZL,error,N
-0.6012798383884141,0.0031779225979366153,2000.0
