O^z,error,N,total_data
0.23524440294114507,0.0002298847131566439,2000.0,64000.0
