ZL,error,N
-0.5292346704841374,0.0033890090762916394,2000.0
