ZL,error,N
-0.455491306300014,0.0029630018814282917,2000.0
