O^z,error,N,total_data
0.02272948677872263,0.00020742044949390837,2000.0,64000.0
