O^z,error,N,total_data
0.061089311281221845,0.00044408888766573625,2000.0,32000.0
