O^z,error,N,total_data
0.12295491732203392,0.0022528617933505494,2000.0,2000.0
