O^z,error,N,total_data
0.035961450787893166,0.00029247606031641474,2000.0,48000.0
