O^z,error,N,total_data
0.09415580376036518,0.00043826403486886973,2000.0,48000.0
