ZL,error,N
-0.19910330265126003,0.00785091811028286,2000.0
