ZL,error,N
-0.27134611636156447,0.0051677337283685,2000.0
