O^z,error,N,total_data
0.07746573767651706,0.0003564350327705121,2000.0,64000.0
