ZL,error,N
-0.24614492592262985,0.006752718371019741,2000.0
