ZL,error,N
-0.22358561950489947,0.007401803266854264,2000.0
