O^z,error,N,total_data
0.12310070518363095,0.0005689531767022496,2000.0,32000.0
