ZL,error,N
-0.41766538937779224,0.00359406773394142,2000.0
