ZL,error,N
-0.5401850277203808,0.005640609183174102,2000.0
