ZL,error,N
-0.4808638279267089,0.005198864463592816,2000.0
