O^z,error,N,total_data
0.24078914507790855,0.0004426614972787118,2000.0,32000.0
