ZL,error,N
-0.5840951587289983,0.005840120459448464,2000.0
