O^z,error,N,total_data
0.23192642588531362,0.0003878169546138312,2000.0,48000.0
