O^z,error,N,total_data
0.22618581587618605,0.0003534060805358846,2000.0,64000.0
