ZL,error,N
-0.1596718440447702,0.007737692297028464,2000.0
