ZL,error,N
-0.1939212027134249,0.0070721546881583296,2000.0
