ZL,error,Nseed,Nsample
-0.24131073703568892,0.00540155383586525,2000.0,2000.0
