ZL,error,N
-0.12479028063624927,0.008109276749220837,2000.0
