O^z,error,N,total_data
0.07125201164339591,0.0004773454985672626,2000.0,32000.0
