O^z,error,N,total_data
0.13298260560327724,0.0022985335893659035,2000.0,2000.0
