O^z,error,N,total_data
0.030752340794976223,0.0002411475963727176,2000.0,64000.0
