O^z,error,N,total_data
0.045324158718737885,0.00033010976604398186,2000.0,48000.0
