O^z,error,N,total_data
0.04685164964342301,0.0003357525100089798,2000.0,48000.0
