O^z,error,N,total_data
0.13730393638699517,0.0022669410599981616,2000.0,2000.0
