O^z,error,N,total_data
0.17114899760683133,0.002311238394342966,2000.0,2000.0
