O^z,error,N,total_data
0.08299150535613938,0.0004281319960097178,2000.0,48000.0
