O^z,error,N,total_data
0.15927675877210293,0.0022714039628944638,2000.0,2000.0
