ZL,error,N
0.6534349393436883,0.0006201772615199571,2000.0
