O^z,error,N,total_data
0.000651157742741871,1.9709390806142717e-05,2000.0,48000.0
