ZL,error,N
0.5268017558876891,0.0008294493783328572,2000.0
