O^z,error,N,total_data
0.0068917158553297095,4.363207278839893e-05,2000.0,32000.0
