O^z,error,N,total_data
0.0002450029598760725,1.12743874923647e-05,2000.0,64000.0
