ZL,error,N
0.2178883941551425,0.0012434834511713063,2000.0
