ZL,error,N
0.7259607907983329,0.0005049418246662514,2000.0
