O^z,error,N,total_data
0.0704300332878672,0.00035168453688439507,2000.0,64000.0
