ZL,error,Nseed,Nsample
-0.25349937129993166,0.005442541036843106,2000.0,2000.0
