ZL,error,N
-0.13624565109886408,0.008368350150205662,2000.0
