ZL,error,N
-0.2023505069473574,0.007139830517254148,2000.0
