ZL,error,N
-0.17346762183159578,0.007869340986890181,2000.0
