O^z,error,N,total_data
0.11582258904012595,0.0005650199177271968,2000.0,32000.0
