ZL,error,N
-0.20759622132331665,0.007090866725236646,2000.0
