O^z,error,N,total_data
0.11553356258344767,0.0005642333958365616,2000.0,32000.0
