ZL,error,N
-0.2524013511988543,0.005377882438622315,2000.0
