ZL,error,N
-0.17544191656590305,0.007775344117206893,2000.0
