O^z,error,N,total_data
0.08690474522600415,0.00042965947489850994,2000.0,48000.0
