ZL,error,N
-0.1419196382952521,0.008115784341461608,2000.0
