O^z,error,N,total_data
0.22166804609654947,0.0004574501662968923,2000.0,48000.0
