ZL,error,N
-0.43421490010522185,0.004139771723387385,2000.0
