ZL,error,N
-0.548942046477772,0.0063358796683320945,2000.0
