O^z,error,N,total_data
0.2149421506838001,0.0004083054194555606,2000.0,64000.0
