ZL,error,N
-0.5868386516665509,0.006405740400518911,2000.0
