O^z,error,N,total_data
0.23612483721597738,0.0005191323261049338,2000.0,32000.0
