ZL,error,N
-0.5042276021045929,0.005754948652389976,2000.0
