O^z,error,N,total_data
0.07356802678578152,0.00041041007637635,2000.0,48000.0
