O^z,error,N,total_data
0.16372098984650035,0.0023290628756425344,2000.0,2000.0
