ZL,error,N
-0.02537087245783389,0.008142408922058576,2000.0
