ZL,error,N
0.022893296838571376,0.00847176626356165,2000.0
