ZL,error,Nseed,Nsample
-0.17848853934597642,0.005887812832504506,2000.0,2000.0
