ZL,error,N
-0.09158587116965335,0.007596926091909537,2000.0
