O^z,error,N,total_data
0.024573139165409586,0.00021467345100837731,2000.0,64000.0
