O^z,error,N,total_data
0.03734651367276996,0.0002985171236809907,2000.0,48000.0
