O^z,error,N,total_data
0.12612334147321225,0.0022443457533447954,2000.0,2000.0
