O^z,error,N,total_data
0.06324406341987304,0.00044869958865803166,2000.0,32000.0
