ZL,error,N
-0.5827095817719438,0.005843968349170181,2000.0
