ZL,error,N
-0.4491504767429079,0.003971869220449556,2000.0
