ZL,error,N
-0.5299532560056073,0.005443075032355732,2000.0
