ZL,error,N
-0.6217058558122787,0.005984663491446543,2000.0
