SOP,error,Nseed,Nsample
0.21944326801626363,0.00022871730657112677,2000.0,48000.0
