SOP,error,Nseed,Nsample
0.2270657382355724,0.00023482068589904793,2000.0,32000.0
