O^z,error,N,total_data
0.2082014597712077,0.0004039025335910835,2000.0,64000.0
