O^z,error,N,total_data
0.23127576894977336,0.0005264996105228901,2000.0,32000.0
