O^z,error,N,total_data
0.26323646496506625,0.0018569696442371456,2000.0,2000.0
