ZL,error,N
0.08202636640521918,0.007710616487313595,2000.0
