O^z,error,N,total_data
0.04198098652713894,0.00031632596262641874,2000.0,48000.0
