ZL,error,N
0.18254098157005288,0.008058865085204895,2000.0
