ZL,error,N
-0.080435654568902,0.006316442188832312,2000.0
