ZL,error,N
0.26032267494991634,0.008105406731567524,2000.0
