O^z,error,N,total_data
0.06780635391388333,0.00046123664508801855,2000.0,32000.0
