ZL,error,N
-0.07966893484406588,0.00850356755934462,2000.0
