ZL,error,N
-0.13420958108571415,0.007755209525625801,2000.0
