ZL,error,N
-0.02921456927085608,0.009019388189158341,2000.0
