O^z,error,N,total_data
0.0637231669329141,0.00033928856833323717,2000.0,64000.0
