O^z,error,N,total_data
0.08005426034413814,0.000420915370997586,2000.0,48000.0
