O^z,error,N,total_data
0.10865970425066705,0.0005579788515952752,2000.0,32000.0
