O^z,error,N,total_data
0.20515510475456283,0.00032622509311654174,2000.0,64000.0
