O^z,error,N,total_data
0.2216707759173662,0.0003938081835215679,2000.0,32000.0
