O^z,error,N,total_data
0.20989107727386794,0.0003592339823863668,2000.0,48000.0
