O^z,error,N,total_data
0.25423862757818333,0.0011384483334502624,2000.0,2000.0
