O^z,error,N,total_data
0.11225317364446291,0.0005624167702826352,2000.0,32000.0
