ZL,error,N
-0.14142970525928317,0.007793470582040036,2000.0
