ZL,error,N
-0.09374090515191238,0.008622859555914334,2000.0
