O^z,error,N,total_data
0.06800378136208483,0.000348273542468261,2000.0,64000.0
