O^z,error,N,total_data
0.08480153285176674,0.00043266330385100286,2000.0,48000.0
