ZL,error,N
-0.21830604343927268,0.005793138003836076,2000.0
