ZL,error,N
-0.043741147593549634,0.009098743110696542,2000.0
