O^z,error,N,total_data
0.1333500099659361,0.0005316394983201617,2000.0,32000.0
