O^z,error,N,total_data
0.10256426088616592,0.00043306966494203054,2000.0,48000.0
