O^z,error,N,total_data
0.08428597316859186,0.0003671553086905157,2000.0,64000.0
