O^z,error,N,total_data
0.19583426983604652,0.0019297171931631143,2000.0,2000.0
