ZL,error,N
0.2664641536960303,0.006792144203930595,2000.0
