ZL,error,N
0.17159560874683574,0.006370266264500774,2000.0
