ZL,error,N
-0.16699039578575237,0.003572067992795723,2000.0
