ZL,error,N
0.029194250141962565,0.005531817836956454,2000.0
