O^z,error,N,total_data
0.14880360930197697,0.002345428886460753,2000.0,2000.0
