O^z,error,N,total_data
0.08510959074199544,0.0005156729199924399,2000.0,32000.0
