O^z,error,N,total_data
0.06288564559188085,0.0003783952116792884,2000.0,48000.0
