O^z,error,N,total_data
0.04763285183657138,0.00029267643041637676,2000.0,64000.0
