O^z,error,N,total_data
0.15194489409814804,0.002364666595849226,2000.0,2000.0
