O^z,error,N,total_data
0.09081395880307559,0.0005311501813095881,2000.0,32000.0
