O^z,error,N,total_data
0.1652478711101904,0.0023804987404672244,2000.0,2000.0
