O^z,error,N,total_data
0.05913683908734731,0.00032124540997212,2000.0,64000.0
