O^z,error,N,total_data
0.07641905014154961,0.00040885695854470816,2000.0,48000.0
