O^z,error,N,total_data
0.1037866306109201,0.0005510078379787593,2000.0,32000.0
