O^z,error,N,total_data
0.2263588465124758,0.002150808304902673,2000.0,2000.0
