O^z,error,N,total_data
0.11356128300168941,0.0022562493577488844,2000.0,2000.0
