O^z,error,N,total_data
0.037755536820461684,0.00026924407336622263,2000.0,64000.0
