O^z,error,N,total_data
0.053087340258583894,0.00035595557448193173,2000.0,48000.0
