ZL,error,N
0.16632200620960783,0.008575296358588216,2000.0
