O^z,error,N,total_data
0.08034064890712576,0.0005003473829263602,2000.0,32000.0
