ZL,error,N
0.004944187943619544,0.007868777741211409,2000.0
