ZL,error,N
0.09542764634161527,0.008425166900075371,2000.0
