ZL,error,N
0.22849379898223005,0.008272270259488769,2000.0
