ZL,error,N
0.15378245076781977,0.008204565490652639,2000.0
