ZL,error,N
0.05351068056561629,0.007800723310834754,2000.0
