ZL,error,N
-0.09768348138655514,0.0063099097949448684,2000.0
