O^z,error,N,total_data
0.03159334648195518,0.0002465296397292713,2000.0,64000.0
