ZL,error,Nseed,Nsample
-0.25528268992051734,0.005267213225121616,2000.0,2000.0
