ZL,error,N
-0.1654443809225708,0.007822032424101335,2000.0
