ZL,error,N
-0.1915363172018754,0.007443158628546543,2000.0
