ZL,error,N
-0.218332906944323,0.0068992763616358855,2000.0
