ZL,error,N
0.0813613333885807,0.007649308537224469,2000.0
