ZL,error,N
0.2636722121492548,0.007972401406780044,2000.0
