ZL,error,N
-0.07234583468592837,0.006307112721127613,2000.0
