O^z,error,N,total_data
0.038712671022369326,0.00030395209019510997,2000.0,48000.0
