ZL,error,N
0.18457360964629493,0.007978650432639074,2000.0
