ZL,error,N
-0.20762988941399926,0.005735611850206288,2000.0
