O^z,error,N,total_data
0.10055189537484581,0.0005448017935339782,2000.0,32000.0
