ZL,error,N
-0.08381161722219767,0.00816380859188886,2000.0
