ZL,error,N
-0.13179260539117954,0.007514313140330111,2000.0
