O^z,error,N,total_data
0.07221553527464149,0.00040319647641083996,2000.0,48000.0
