ZL,error,N
-0.03242858562247996,0.008533559695017895,2000.0
