O^z,error,N,total_data
0.055536589524591756,0.0003112540366546027,2000.0,64000.0
