O^z,error,N,total_data
0.1003170762115157,0.0005450018724626973,2000.0,32000.0
