O^z,error,N,total_data
0.16085350395447273,0.002383449114241171,2000.0,2000.0
