O^z,error,N,total_data
0.07256680660215997,0.00039973537763601856,2000.0,48000.0
