O^z,error,N,total_data
0.06679314028942376,0.0003418171888226862,2000.0,64000.0
