ZL,error,N
-0.1381597290479493,0.008025144593018266,2000.0
