ZL,error,N
-0.09854503536894435,0.008572838299243914,2000.0
