ZL,error,Nseed,Nsample
-0.2363816593056428,0.005551020743225773,2000.0,2000.0
