O^z,error,N,total_data
0.11164798988838283,0.0005617908263767973,2000.0,32000.0
