ZL,error,N
-0.17689017517936872,0.007343288263881517,2000.0
