ZL,error,N
0.005014478221989334,0.008435313264038981,2000.0
