ZL,error,N
-0.1843185030164767,0.005814138669452569,2000.0
