ZL,error,N
-0.04254115090557363,0.008078962229483665,2000.0
