ZL,error,N
-0.0997991331852779,0.007507618853669145,2000.0
