O^z,error,N,total_data
0.21268697099984932,0.002090955165011218,2000.0,2000.0
