O^z,error,N,total_data
0.13314750737169892,0.0006390483896968506,1152.0,27648.0
