O^z,error,N,total_data
0.10175250519447497,0.0004028705258354782,2000.0,64000.0
