O^z,error,N,total_data
0.20189092627215696,0.002226573601701424,2000.0,2000.0
