O^z,error,N,total_data
0.17009267487617608,0.00042631910910877554,2000.0,64000.0
