O^z,error,N,total_data
0.20296840698903434,0.0005452538223862974,2000.0,32000.0
