O^z,error,N,total_data
0.18372118865060305,0.00047481996932175304,2000.0,48000.0
