O^z,error,N,total_data
0.2441832201182632,0.0017790092629029867,2000.0,2000.0
