O^z,error,N,total_data
0.206502232518108,0.0004945224749936274,2000.0,2000.0
