O^z,error,N,total_data
0.13145980251889786,0.0002354977416970458,2000.0,32000.0
