O^z,error,N,total_data
0.060110413154394755,0.00019779842762606366,2000.0,64000.0
