O^z,error,N,total_data
0.08606312548170396,0.00022406900064973265,2000.0,48000.0
