ZL,error,N
-0.19690445718068225,0.007027863615987485,2000.0
