ZL,error,N
-0.25621801377072173,0.005130484318322431,2000.0
