ZL,error,N
-0.2252990659480055,0.006469675393070955,2000.0
