ZL,error,N
-0.17417123591631944,0.007261550465683884,2000.0
