ZL,error,N
0.10296894443121357,0.006175233259765629,2000.0
