ZL,error,N
0.522196529242051,0.00596084685832852,2000.0
