O^z,error,N,total_data
0.005742400968154666,9.673793916967636e-05,2000.0,64000.0
