ZL,error,N
0.32368343818173123,0.006422975973692769,2000.0
