ZL,error,N
0.44325994226095544,0.0062027996139139615,2000.0
