O^z,error,N,total_data
0.011660569425343104,0.00016217382149891614,2000.0,48000.0
