O^z,error,N,total_data
0.20581468758884666,0.001435089225631932,2000.0,2000.0
