O^z,error,N,total_data
0.1410249102706158,0.00044314291710453716,2000.0,32000.0
