O^z,error,N,total_data
0.09078298578957807,0.00032869203844152785,2000.0,64000.0
