O^z,error,N,total_data
0.11106524049671664,0.0003797692902539644,2000.0,48000.0
