ZL,error,N
-0.5276999106806066,0.0018409342846057416,2000.0
