ZL,error,N
-0.686754528258653,0.001508048569308726,2000.0
