ZL,error,N
-0.42619674632660864,0.0011790342695428976,2000.0
