ZL,error,N
-0.617303151109808,0.001726461239410642,2000.0
