O^z,error,N,total_data
0.10530816637716976,0.0005517073257373498,2000.0,32000.0
