O^z,error,N,total_data
0.16587665234379323,0.002332593486894977,2000.0,2000.0
