O^z,error,Nseed,Nsample
0.07578897738600703,0.0004873408465383439,2000.0,32000.0
