O^z,error,Nseed,Nsample
0.03327254343497002,0.0002509973440570273,2000.0,64000.0
