O^z,error,N,total_data
0.1380890362734021,0.0022930297213895265,2000.0,2000.0
