O^z,error,Nseed,Nsample
0.04858091499167577,0.0003405031524437944,2000.0,48000.0
