ZL,error,N
0.09546154001835339,0.008404225023355026,2000.0
