ZL,error,N
0.002389668491932087,0.007900927620168509,2000.0
