O^z,error,N,total_data
0.03833368766917859,0.000270835145456502,2000.0,64000.0
