O^z,error,N,total_data
0.0543302822136399,0.00035647671298839846,2000.0,48000.0
