ZL,error,N
-0.12819467077272695,0.006201587960805534,2000.0
