ZL,error,N
0.16400484866538492,0.00860847279909551,2000.0
