ZL,error,N
-0.47606452860466536,0.003626573322034636,2000.0
