O^z,error,N,total_data
0.2571760672655075,0.00047834932132992814,2000.0,32000.0
