O^z,error,N,total_data
0.24594939279646988,0.0004223915094246882,2000.0,48000.0
