ZL,error,N
-0.6767150245296345,0.005076303006073527,2000.0
