ZL,error,N
-0.5758736482480706,0.004755037130684899,2000.0
