ZL,error,N
-0.6350683565324196,0.0050442944342728386,2000.0
