O^z,error,N,total_data
0.16834627547075562,0.0023257543000082055,2000.0,2000.0
