O^z,error,Nseed,Nsample
0.10865970425066686,0.0005579788515952753,2000.0,32000.0
