O^z,error,Nseed,Nsample
0.08005426034413816,0.000420915370997586,2000.0,48000.0
