O^z,error,Nseed,Nsample
0.06372316693291408,0.0003392885683332371,2000.0,64000.0
