ZL,error,N
-0.20365202307739513,0.005690649445873102,2000.0
