ZL,error,N
-0.13060037445361658,0.007409166680688019,2000.0
