ZL,error,N
-0.08715144562695708,0.0079962023046718,2000.0
