ZL,error,N
-0.04043197138412014,0.008380516761534158,2000.0
