O^z,error,N,total_data
0.10690363771600478,0.00032064408780117,2000.0,32000.0
