O^z,error,N,total_data
0.18800970746846957,0.001014477629346897,2000.0,2000.0
