O^z,error,N,total_data
0.06726778622962239,0.0002567927647953307,2000.0,48000.0
