O^z,error,N,total_data
0.04613962754322544,0.00020440038771817303,2000.0,64000.0
