O^z,error,N,total_data
0.26810635779844666,0.0002005115186291488,2000.0,64000.0
