ZL,error,N
-0.717391113416915,0.0016249052546732916,2000.0
