O^z,error,N,total_data
0.2709757985535051,0.0002503384513001136,2000.0,32000.0
