ZL,error,N
-0.5631121190341165,0.0022843482385258252,2000.0
