ZL,error,N
-0.6532995689602865,0.0020882060811534156,2000.0
