ZL,error,N
-0.44866565981003703,0.001624152148109729,2000.0
