O^z,error,N,total_data
0.16267008217577777,0.0023783669658203415,2000.0,2000.0
