O^z,error,N,total_data
0.07126913557213505,0.0003927971493664057,2000.0,48000.0
