O^z,error,N,total_data
0.05622295364638595,0.0003064750441903124,2000.0,64000.0
