O^z,error,N,total_data
0.10042550870470689,0.0005417550973089355,2000.0,32000.0
