SOP,error,Nseed,Nsample
0.25501345595890046,0.0004844626531776704,2000.0,2000.0
