ZL,error,N
-0.477181171687486,0.006011263170647737,2000.0
