O^z,error,N,total_data
0.22035499089237867,0.000551020787083937,2000.0,32000.0
