ZL,error,N
-0.5458075013179531,0.006981689437882688,2000.0
