ZL,error,N
-0.518092577130023,0.006668724625877721,2000.0
