ZL,error,N
-0.4187000231530727,0.00432992410928395,2000.0
