ZL,error,Nseed,Nsample
-0.2618012480294225,0.005375365363177415,2000.0,2000.0
