ZL,error,N
-0.22178076227990232,0.007081011539692528,2000.0
