ZL,error,N
-0.1923585844095442,0.007763402648477241,2000.0
