ZL,error,N
-0.1579142440344248,0.008271206384097052,2000.0
