O^z,error,N,total_data
0.07396587977440161,0.0003531102682847657,2000.0,64000.0
