O^z,error,N,total_data
0.09206079049286643,0.00043453151087460677,2000.0,48000.0
