O^z,error,N,total_data
0.15998298320094942,0.0023379365843770017,2000.0,2000.0
