O^z,error,N,total_data
0.09935902284416959,0.0005473823484456343,2000.0,32000.0
