O^z,error,N,total_data
0.17588219733920488,0.0003066857139971844,2000.0,32000.0
