O^z,error,N,total_data
0.22843251789609115,0.0007345203387489055,2000.0,2000.0
