O^z,error,N,total_data
0.13819109595405438,0.00028780257482067953,2000.0,64000.0
