SOP,error,Nseed,Nsample
0.19147055206771815,0.00024200488448618748,2000.0,48000.0
