ZL,error,N
-0.18981185378141377,0.0071521546719184575,2000.0
