ZL,error,N
-0.15208903211957053,0.007822915112315518,2000.0
