ZL,error,Nseed,Nsample
-0.24176773925654554,0.005447593060532015,2000.0,2000.0
