ZL,error,N
-0.1190071357684208,0.008250121225448579,2000.0
