ZL,error,N
-0.16223890708934752,0.007714861197073293,2000.0
