ZL,error,N
-0.06831612639048804,0.009067853566432424,2000.0
