ZL,error,N
-0.23214320432507238,0.005692477910437954,2000.0
