ZL,error,N
-0.12219998057034055,0.008653199768043341,2000.0
