SOP,error,Nseed,Nsample
0.15534933251463465,0.0002386458056123524,2000.0,32000.0
