O^z,error,N,total_data
0.10018982845641568,0.0003999805487979432,2000.0,48000.0
