O^z,error,N,total_data
0.08137710350195693,0.0003387327593989422,2000.0,64000.0
