O^z,error,N,total_data
0.19692224905157668,0.0017270070321730613,2000.0,2000.0
