O^z,error,N,total_data
0.1321955382013217,0.0004938306506327573,2000.0,32000.0
