O^z,error,N,total_data
0.025026238021312864,0.0002193139572956203,2000.0,64000.0
