O^z,error,N,total_data
0.06366247760921505,0.00044761609654296516,2000.0,32000.0
