O^z,error,N,total_data
0.1269291789897058,0.0022426718978253413,2000.0,2000.0
