O^z,error,N,total_data
0.037832833803300624,0.00030027031938818896,2000.0,48000.0
