ZL,error,Nseed,Nsample
-0.20014303375887033,0.005747539145751971,2000.0,2000.0
