ZL,error,N
-0.01722489575051949,0.008439599779672723,2000.0
