ZL,error,N
-0.07058971076851181,0.00807537827228664,2000.0
