ZL,error,N
-0.12098627199747232,0.007480702786041225,2000.0
