O^z,error,N,total_data
0.22155827001524242,0.0012275677257855822,2000.0,2000.0
