O^z,error,N,total_data
0.16583221922545302,0.00041752103591494676,2000.0,32000.0
