SOP,error,Nseed,Nsample
0.1924218373096314,0.0004962695447185332,2000.0,2000.0
