O^z,error,N,total_data
0.11687741646354709,0.0005665689340063475,2000.0,32000.0
