O^z,error,Nseed,Nsample
0.17750838660311605,0.0023738923100620857,2000.0,2000.0
