O^z,error,Nseed,Nsample
0.08842458155761,0.0004267626029192899,2000.0,48000.0
