O^z,error,N,total_data
0.07107842400123218,0.000345118744554989,2000.0,64000.0
