O^z,error,N,total_data
0.15898027189276095,0.002322190079783428,2000.0,2000.0
