ZL,error,N
0.2297313950539243,0.008204860157577546,2000.0
