O^z,error,N,total_data
0.031163433897171997,0.00024365126529410746,2000.0,64000.0
