ZL,error,N
-0.09682106113475988,0.006301880331906187,2000.0
