O^z,error,N,total_data
0.0725865702222283,0.0004777680271005147,2000.0,32000.0
