ZL,error,N
0.05516219595093802,0.007777901104411389,2000.0
