ZL,error,N
0.15304234080123114,0.008194844747123425,2000.0
