O^z,error,N,total_data
0.09391400082595906,0.00043752454129572407,2000.0,48000.0
