ZL,error,Nseed,Nsample
-0.2646537479924123,0.005363758784794923,2000.0,2000.0
