ZL,error,N
-0.2244534679316325,0.007080169816592296,2000.0
