ZL,error,N
-0.20005312714205536,0.0077452886658706975,2000.0
