ZL,error,N
-0.16786708611858728,0.008267456879274701,2000.0
