ZL,error,N
0.10334970589249041,0.007633606517393131,2000.0
