O^z,error,N,total_data
0.06502033883814567,0.0004542925711988319,2000.0,32000.0
