O^z,error,N,total_data
0.03892399252641918,0.0003070599120870166,2000.0,48000.0
