ZL,error,N
-0.06448665489140508,0.006316665034356015,2000.0
