O^z,error,N,total_data
0.024491754618995568,0.00021591222515097983,2000.0,64000.0
