ZL,error,N
0.2964436317151983,0.007792201995541094,2000.0
