ZL,error,N
0.20989458241305592,0.007900820787954628,2000.0
