O^z,error,N,total_data
0.15774950316787134,0.00196886033282304,2000.0,2000.0
