O^z,error,N,total_data
0.1304768932187452,0.0022555033942772305,2000.0,2000.0
