O^z,error,Nseed,Nsample
0.041636822839967134,0.0003139519017878345,2000.0,48000.0
