O^z,error,Nseed,Nsample
0.02762967547995449,0.00023054251857935397,2000.0,64000.0
