O^z,error,Nseed,Nsample
0.06732948673445062,0.0004611437088926786,2000.0,32000.0
