ZL,error,N
-0.2287475085858097,0.006797816147361661,2000.0
