ZL,error,N
-0.17928390589333404,0.007776945789049881,2000.0
