ZL,error,Nseed,Nsample
-0.2628058307502567,0.005221722909421096,2000.0,2000.0
