ZL,error,N
-0.206667704958823,0.007364256503058913,2000.0
