ZL,error,N
-0.8059586357122799,0.0010561323932514156,2000.0
