O^z,error,N,total_data
0.30896969523992973,0.00022643738129584645,2000.0,64000.0
