O^z,error,N,total_data
0.31210366839522186,0.00025291165079543044,2000.0,48000.0
