ZL,error,N
-0.7402602896204915,0.001439289305318252,2000.0
