ZL,error,N
-0.8431193406463292,0.0007783354001776651,2000.0
