ZL,error,N
-0.5932498129116692,0.0017343296746356663,2000.0
