O^z,error,N,total_data
0.3180181528051396,0.00028317574808889756,2000.0,32000.0
