O^z,error,N,total_data
0.15979942000078512,0.002365294541957401,2000.0,2000.0
