O^z,error,N,total_data
0.20181394943818473,0.0022908760687850886,2000.0,2000.0
