ZL,error,N
0.034276131195391246,0.008443315372700315,2000.0
