ZL,error,N
-0.018231791081952702,0.00810547624789713,2000.0
