ZL,error,N
-0.08279534888189993,0.007556655943192609,2000.0
