ZL,error,N
-0.17306606171399025,0.005882463410575572,2000.0
