O^z,error,N,total_data
0.19873689576930914,0.002288893337514722,2000.0,2000.0
