O^z,error,N,total_data
0.11659926920146178,0.0004711489678555508,2000.0,48000.0
