O^z,error,N,total_data
0.14306531946119944,0.0005890412311134832,2000.0,32000.0
