O^z,error,Nseed,Nsample
0.09147640587292138,0.0004336622721352923,2000.0,48000.0
