O^z,error,N,total_data
0.12096761145528336,0.0005685675302649466,2000.0,32000.0
