O^z,error,Nseed,Nsample
0.18032329583206874,0.0023623104242843852,2000.0,2000.0
