O^z,error,N,total_data
0.07461152317491988,0.00035218510890941727,2000.0,64000.0
