O^z,error,N,total_data
0.15768432214097505,0.00041792845263450494,2000.0,64000.0
