O^z,error,N,total_data
0.23583556389517496,0.0017487456805961713,2000.0,2000.0
