ZL,error,N
0.03083207446624572,0.008542083486355382,2000.0
