ZL,error,N
-0.19435401924812237,0.005388905780065978,2000.0
