ZL,error,N
0.10426962311351012,0.009063067334463451,2000.0
