ZL,error,N
-0.0602746026839228,0.007554134708582655,2000.0
