O^z,error,N,total_data
0.12782580828657952,0.0022316258422988284,2000.0,2000.0
