ZL,error,N
-0.11913670043872396,0.006188102385032407,2000.0
