ZL,error,N
0.09675320257751896,0.008269853307526545,2000.0
