ZL,error,N
0.17350888103056633,0.00843623210264039,2000.0
