O^z,error,N,total_data
0.07807853417082326,0.0004970739734816756,2000.0,32000.0
