ZL,error,N
0.009459133397810878,0.00782427119037676,2000.0
