O^z,error,N,total_data
0.10410724804087025,0.0004004061220538786,2000.0,64000.0
