ZL,error,N
-0.273114289062629,0.008222952742857687,2000.0
