O^z,error,N,total_data
0.14660494476743882,0.000586196651333424,2000.0,32000.0
