ZL,error,N
-0.31047052338305303,0.005107521853877254,2000.0
