ZL,error,N
-0.2922824637967906,0.007734685867821877,2000.0
