ZL,error,N
-0.29433447915515004,0.006952423679967847,2000.0
