O^z,error,N,total_data
0.10744866651790146,0.0004031699017021886,2000.0,64000.0
