ZL,error,N
-0.312239655149328,0.006779467857410123,2000.0
