ZL,error,N
-0.30840663396412127,0.007625405355405099,2000.0
