ZL,error,N
-0.2921442004164998,0.008113337894652607,2000.0
