ZL,error,N
-0.31848051288704476,0.005016070099879653,2000.0
