O^z,error,N,total_data
0.15841200200299616,0.002357825648740692,2000.0,2000.0
