O^z,error,N,total_data
0.09691662401980711,0.0005460613844499844,2000.0,32000.0
