O^z,error,N,total_data
0.16827411382282673,0.002203531108977054,2000.0,2000.0
