O^z,error,N,total_data
0.027163429323216238,0.0002905107628439526,2000.0,32000.0
