O^z,error,N,total_data
0.08001263078925858,0.0019435082898580363,2000.0,2000.0
