O^z,error,N,total_data
0.07193675357822027,0.00040480305613438557,2000.0,48000.0
