O^z,error,N,total_data
0.16065680011409575,0.0023328539449571023,2000.0,2000.0
