O^z,error,N,total_data
0.05412891323471165,0.0003162875495506258,2000.0,64000.0
