O^z,error,Nseed,Nsample
0.09002112784252686,0.0004320345787126002,2000.0,48000.0
