O^z,error,N,total_data
0.11859867943284574,0.000564201159695842,2000.0,32000.0
