O^z,error,Nseed,Nsample
0.1781377535065991,0.002371635410948013,2000.0,2000.0
