O^z,error,N,total_data
0.05033029729028396,0.00030420239054932427,2000.0,64000.0
