O^z,error,Nseed,Nsample
0.06772810590080577,0.0003918351569184124,2000.0,48000.0
