O^z,error,Nseed,Nsample
0.15707576046944152,0.00236131636868785,2000.0,2000.0
