O^z,error,N,total_data
0.09597432894611062,0.0005392459237232575,2000.0,32000.0
