O^z,error,N,total_data
0.11405229791017646,0.0005651410246604299,2000.0,32000.0
