O^z,error,N,total_data
0.06852151951003915,0.00033707699460602017,2000.0,64000.0
