O^z,error,Nseed,Nsample
0.08560900137689476,0.00042863655658043146,2000.0,48000.0
