O^z,error,Nseed,Nsample
0.17424886605908352,0.0023864212775788,2000.0,2000.0
