O^z,error,N,total_data
0.209693047995531,0.0018241785534603844,2000.0,2000.0
