O^z,error,N,total_data
0.004393246623221626,7.643651289295143e-05,2000.0,64000.0
