ZL,error,N
0.6022496641261259,0.004384354872240328,2000.0
