ZL,error,N
0.3821723902614709,0.005478324725478739,2000.0
