ZL,error,N
0.5159297853150027,0.0049277218485668135,2000.0
