ZL,error,N
0.12374533618485066,0.005629936777327785,2000.0
