ZL,error,N
-0.252692934905943,0.006151543664048491,2000.0
