ZL,error,N
-0.22979885186631344,0.006585493194485698,2000.0
