ZL,error,N
-0.2119737788094971,0.006783956641222761,2000.0
