ZL,error,N
-0.27174723526761396,0.004934003554962351,2000.0
