ZL,error,N
-0.3861277564512104,0.0033446499200438873,2000.0
