ZL,error,N
-0.35865104096705785,0.0018454981028644983,2000.0
