ZL,error,N
-0.4961465026826014,0.004401219853016395,2000.0
