O^z,error,N,total_data
0.22026037141464766,0.00028939861683515246,2000.0,32000.0
