ZL,error,N
-0.4386812762154124,0.004143433809534452,2000.0
