O^z,error,Nseed,Nsample
0.1832675286562904,0.0023640449020257306,2000.0,2000.0
