O^z,error,N,total_data
0.12347028480300136,0.000571172312365075,2000.0,32000.0
