O^z,error,Nseed,Nsample
0.09514524569469357,0.0004411844239448411,2000.0,48000.0
