ZL,error,N
-0.06546129577736055,0.008055360959193477,2000.0
