ZL,error,N
-0.11563747934560886,0.007444467940316822,2000.0
