ZL,error,N
-0.19501370327463582,0.005749057915565998,2000.0
