ZL,error,N
-0.01545726366051796,0.008412694592379167,2000.0
