O^z,error,N,total_data
0.17491440073866263,0.0023730137595252706,2000.0,2000.0
