ZL,error,N
0.2911482316576983,0.007853926611061561,2000.0
