ZL,error,N
0.2100534529312206,0.007851623617887082,2000.0
