ZL,error,N
-0.06323879975784404,0.006343358308578821,2000.0
