ZL,error,N
0.10520680423349273,0.007608637799089124,2000.0
