ZL,error,N
-0.03847554878967627,0.006271300816644837,2000.0
