ZL,error,N
0.07056819388960128,0.00738868998453096,2000.0
