ZL,error,N
0.15336248902852123,0.007992545708650989,2000.0
