ZL,error,N
-0.1966032935072867,0.004062858085797749,2000.0
