O^z,error,Nseed,Nsample
0.18287065392486473,0.0023652496682540418,2000.0,2000.0
