O^z,error,Nseed,Nsample
0.09658343152722083,0.00044365264833805653,2000.0,48000.0
