O^z,error,Nseed,Nsample
0.17567816922192192,0.0023863107006065814,2000.0,2000.0
