O^z,error,Nseed,Nsample
0.08581418403077191,0.00042979219934991794,2000.0,48000.0
