O^z,error,N,total_data
0.11561489058187481,0.0005691700961123037,2000.0,32000.0
