O^z,error,N,total_data
0.07038115527870933,0.00034475238277797775,2000.0,64000.0
