SOP,error,Nseed,Nsample
0.27326774331958725,0.0002016791222834702,2000.0,48000.0
