O^z,error,N,total_data
0.16130920602662296,0.00233537470226075,2000.0,2000.0
