O^z,error,Nseed,Nsample
0.07076447387431826,0.0004041443225968505,2000.0,48000.0
