O^z,error,Nseed,Nsample
0.09943081918377294,0.0005434932120198517,2000.0,32000.0
