O^z,error,Nseed,Nsample
0.053675935817881736,0.00031855326376763584,2000.0,64000.0
