O^z,error,N,total_data
0.26637861822555997,0.00022686527251605703,2000.0,47983.0
