O^z,error,N,total_data
0.2827069941679809,0.0006489159438868923,2000.0,2000.0
