O^z,error,Nseed,Nsample
0.090284283206267,0.0004327212365572816,2000.0,48000.0
