O^z,error,N,total_data
0.11902755458405084,0.0005677463363464551,2000.0,32000.0
