O^z,error,N,total_data
0.07309294941901018,0.00034933441221907905,2000.0,64000.0
