O^z,error,Nseed,Nsample
0.17908944701952734,0.002372050655293246,2000.0,2000.0
