O^z,error,N,total_data
0.08404874530214286,0.00019056246071942493,2000.0,32000.0
