O^z,error,N,total_data
0.0380713572489945,0.00014215519462259211,2000.0,48000.0
