O^z,error,N,total_data
0.1783756313460198,0.0004963894864712921,2000.0,2000.0
