O^z,error,N,total_data
0.01879662586613703,0.00010158773178060615,2000.0,64000.0
