ZL,error,N
-0.35412403505707907,0.004910295394436739,2000.0
