ZL,error,N
-0.36822134030119796,0.007941230109982237,2000.0
