O^z,error,N,total_data
0.15775941151540115,0.0005008270057934688,2000.0,48000.0
