ZL,error,N
-0.36620305776483025,0.008515516467613006,2000.0
