O^z,error,N,total_data
0.14363378186448175,0.00043609311707560044,2000.0,64000.0
