O^z,error,N,total_data
0.18137286109303163,0.0005859601854578811,2000.0,32000.0
