ZL,error,N
-0.36418862658387424,0.0069808404808226225,2000.0
