ZL,error,N
0.04527809835713514,0.008457924990391396,2000.0
