ZL,error,N
0.11375823876414518,0.008583385264968033,2000.0
