O^z,error,N,total_data
0.05810727894791159,0.0003703742889188384,2000.0,48000.0
