ZL,error,N
-0.032382415925859484,0.007789298714988402,2000.0
