O^z,error,N,total_data
0.0422886087436484,0.00028258615430421587,2000.0,64000.0
