ZL,error,N
-0.15108127421629755,0.006101675014449964,2000.0
