O^z,error,N,total_data
0.02803558261001651,0.00023065887145389157,2000.0,64000.0
