ZL,error,N
0.2311688205381043,0.008177906791345342,2000.0
