ZL,error,N
0.15486946361358217,0.008096128634324686,2000.0
