ZL,error,N
-0.08640320623147484,0.006279171636026662,2000.0
