ZL,error,N
0.06003972683995992,0.007710100073943921,2000.0
