O^z,error,Nseed,Nsample
0.18042071220322298,0.002365903007101953,2000.0,2000.0
