O^z,error,Nseed,Nsample
0.09322370601406614,0.0004391312827645832,2000.0,48000.0
