O^z,error,N,total_data
0.12113611951103286,0.0005701159824372205,2000.0,32000.0
