ZL,error,N
-0.5938001736435249,0.004489077376697358,2000.0
