ZL,error,N
-0.48713976981365537,0.0034756783116598085,2000.0
