ZL,error,N
-0.6554991851688127,0.0046529800483186235,2000.0
