O^z,error,N,total_data
0.24786933262529554,0.0003675832561100715,2000.0,64000.0
