ZL,error,N
-0.7015479669359541,0.004573318814876723,2000.0
