O^z,error,N,total_data
0.2519804351440432,0.00041099290631865126,2000.0,48000.0
