O^z,error,N,total_data
0.06447699888337786,0.0004555890494863707,2000.0,32000.0
