O^z,error,N,total_data
0.12558528126336443,0.002275795962908576,2000.0,2000.0
