O^z,error,N,total_data
0.024877870250697716,0.0002157497390583737,2000.0,64000.0
