ZL,error,N
-0.39163297334253927,0.008420186681662773,2000.0
