ZL,error,N
-0.38718943699111724,0.0077914574272540515,2000.0
