ZL,error,N
-0.3642149740215593,0.004655454343301283,2000.0
