ZL,error,N
-0.37526541229750865,0.006799707193209191,2000.0
