ZL,error,N
-0.7280640957591876,0.001146219096595755,2000.0
