ZL,error,N
-0.4537832702254253,0.0011482351517933447,2000.0
