ZL,error,N
-0.574514958275932,0.0016708443611326963,2000.0
