ZL,error,N
-0.6671259468499526,0.0014370629790209785,2000.0
