O^z,error,N,total_data
0.16350572413736028,0.0023273865090164617,2000.0,2000.0
