O^z,error,Nseed,Nsample
0.1025656651054985,0.0005503141603158635,2000.0,32000.0
