O^z,error,Nseed,Nsample
0.07496131804237702,0.00041189356219396747,2000.0,48000.0
