O^z,error,Nseed,Nsample
0.057404680846276944,0.0003248123945632835,2000.0,64000.0
