O^z,error,N,total_data
0.16855040328200172,0.0004310498851828658,2000.0,64000.0
