O^z,error,N,total_data
0.20100492654821123,0.0005592087256981355,2000.0,32000.0
