O^z,error,N,total_data
0.2427623110048926,0.0018730387679121367,2000.0,2000.0
