O^z,error,N,total_data
0.18111093671818404,0.0004868824141117597,2000.0,48000.0
