O^z,error,N,total_data
0.05499042602658827,0.00035984807350529106,2000.0,48000.0
