O^z,error,N,total_data
0.14589161224048605,0.0023056793325143183,2000.0,2000.0
