ZL,error,N
-0.11697696561654725,0.007855714518237626,2000.0
