ZL,error,N
-0.06151645275425017,0.008630575865520476,2000.0
