ZL,error,N
-0.0022955178498573355,0.009111366780675954,2000.0
