O^z,error,N,total_data
0.07872393302625343,0.0004209047644269261,2000.0,48000.0
