ZL,error,N
-0.2032029285887455,0.005890669952326662,2000.0
