SOP,error,Nseed,Nsample
0.24413755787811034,0.0004812558483653661,2000.0,2000.0
