ZL,error,N
0.022557518252844574,0.008356269315760405,2000.0
