ZL,error,N
-0.0501404729499845,0.0078000703999596055,2000.0
