ZL,error,N
-0.15576792707325623,0.006057049702282224,2000.0
