ZL,error,N
0.08624745409567537,0.00859769458590805,2000.0
