O^z,error,N,total_data
0.1833604784309381,0.0023235638349648965,2000.0,2000.0
