ZL,error,N
0.02110803254036631,0.005842156778853783,2000.0
