ZL,error,N
-0.0459208702205944,0.004706718446253952,2000.0
