ZL,error,N
-0.2569592777826988,0.0012476390664288915,2000.0
