ZL,error,N
-0.14189542158366003,0.0030527128133262934,2000.0
