ZL,error,N
-0.25435891610241335,0.006954901118782353,2000.0
