ZL,error,N
-0.2671383609776774,0.005581804915136452,2000.0
