O^z,error,N,total_data
0.18518717264407053,0.0004171218043072461,2000.0,32000.0
