O^z,error,N,total_data
0.16473608199136797,0.0003776840956998527,2000.0,48000.0
