O^z,error,N,total_data
0.15206016410302944,0.0003493208661731207,2000.0,64000.0
