ZL,error,N
-0.24786484725731145,0.007996605268394259,2000.0
