ZL,error,N
-0.3073532761614349,0.0032986287865093594,2000.0
