ZL,error,N
-0.2016227652513863,0.009075854359596592,2000.0
