ZL,error,N
-0.2346524321406815,0.008448955374961833,2000.0
