ZL,error,N
-0.29035590775490827,0.005407487489246506,2000.0
