O^z,error,N,total_data
0.11961512345549641,0.0004791448965480465,2000.0,48000.0
