ZL,error,N
-0.25802608679184624,0.007489960332186394,2000.0
