O^z,error,N,total_data
0.14688095390352163,0.0005866693811520938,2000.0,32000.0
