ZL,error,N
-0.23810836325542128,0.005414885938320846,2000.0
