ZL,error,N
-0.12005544043803763,0.008110537551935889,2000.0
