ZL,error,N
-0.15714684792897166,0.007733843193269874,2000.0
