ZL,error,N
-0.18888730784853539,0.007073775531177322,2000.0
