ZL,error,N
-0.005528419536435018,0.008424389086777492,2000.0
