O^z,error,N,total_data
0.09116730061619369,0.0005319557597082001,2000.0,32000.0
