ZL,error,N
0.05248368631675911,0.008795411838459277,2000.0
