ZL,error,N
-0.16817450162929706,0.005973104288560512,2000.0
