ZL,error,N
-0.06958631715209564,0.007761673615322613,2000.0
