O^z,error,N,total_data
0.20417737792682775,0.002180367753083808,2000.0,2000.0
