ZL,error,N
-0.11588006165907418,0.008040495411317438,2000.0
