ZL,error,N
-0.2361702427257605,0.005422975643831764,2000.0
