ZL,error,N
-0.1522039372920479,0.00765979279669969,2000.0
