ZL,error,N
-0.18193621471615143,0.007048673792397952,2000.0
