ZL,error,N
0.03317442779542003,0.007823484350341166,2000.0
