O^z,error,N,total_data
0.047749373554890596,0.0003358301307761814,2000.0,48000.0
