ZL,error,N
0.1253096061399327,0.008207116438287882,2000.0
