ZL,error,N
-0.10590826434045396,0.006231288933023308,2000.0
