O^z,error,N,total_data
0.03246087122381615,0.0002477745817674697,2000.0,64000.0
