ZL,error,N
0.2023758616497778,0.008323158099909442,2000.0
