O^z,error,N,total_data
0.23826967195269264,0.0013731215489971586,2000.0,2000.0
