O^z,error,N,total_data
0.1645106554355734,0.0003717599642164669,2000.0,64000.0
