O^z,error,N,total_data
0.17539885231814611,0.0004075867542581322,2000.0,48000.0
