O^z,error,N,total_data
0.194747937586224,0.00045308005663093813,2000.0,32000.0
