ZL,error,N
-0.411426725099687,0.0023379469736236076,2000.0
