ZL,error,N
-0.6278562175576513,0.0035993367189547662,2000.0
