ZL,error,N
-0.5688230558718869,0.003763081616745718,2000.0
