ZL,error,N
-0.491137967752885,0.003547145217171832,2000.0
