ZL,error,N
-0.41930463486493336,0.006882530359522876,2000.0
