ZL,error,N
-0.3876542534796997,0.005998239834969157,2000.0
