ZL,error,N
-0.4439246251095835,0.007447337142223433,2000.0
