ZL,error,N
-0.367205854160009,0.003891703089429173,2000.0
