O^z,error,N,total_data
0.16054599688689283,0.002316133090441323,2000.0,2000.0
