ZL,error,N
-0.7923671600448245,0.0021608115597729523,2000.0
