O^z,error,N,total_data
0.28661684066587007,0.00028237884090048635,2000.0,64000.0
