ZL,error,N
-0.5417270608083617,0.0026752368606236194,2000.0
