O^z,error,N,total_data
0.29617449665838996,0.00036566456738317774,2000.0,32000.0
