ZL,error,N
-0.6760064560725357,0.002993113644783417,2000.0
