O^z,error,N,total_data
0.28967036625839726,0.0003208828654557961,2000.0,48000.0
