ZL,error,N
-0.7468255467607738,0.002708399096003882,2000.0
