O^z,error,N,total_data
0.21617387717784453,0.0007437603290980216,2000.0,2000.0
