O^z,error,N,total_data
0.09832036425576868,0.00026738047500602096,2000.0,64000.0
