ZL,error,N
0.20336725084768192,0.008305336868761162,2000.0
