ZL,error,N
0.035777423036606464,0.00772514343557741,2000.0
