ZL,error,N
-0.10021127331411918,0.006241664260843852,2000.0
