ZL,error,N
0.1305774897433517,0.008115054192864275,2000.0
