O^z,error,N,total_data
0.1446238920206179,0.0023029100231407524,2000.0,2000.0
