O^z,error,N,total_data
0.08210192076661935,0.0005056125520344916,2000.0,32000.0
