O^z,error,N,total_data
0.15763846303958975,0.0023203992239489656,2000.0,2000.0
