O^z,error,N,total_data
0.09558023209853943,0.0005370029354563865,2000.0,32000.0
