O^z,error,N,total_data
0.051143960817328776,0.00030906747147789687,2000.0,64000.0
