O^z,error,N,total_data
0.2405302971286635,0.00021812097208812026,2000.0,48000.0
