O^z,error,N,total_data
0.26551796838823893,0.000492346607135415,2000.0,2000.0
