O^z,error,N,total_data
0.24106731037976992,0.00020157870381575584,2000.0,64000.0
