O^z,error,N,total_data
0.24518555799955097,0.0002289817940556806,2000.0,32000.0
