ZL,error,Nseed,Nsample
-0.23790898811627906,0.005460603223639208,2000.0,2000.0
