ZL,error,N
-0.14823174815077042,0.0078188094207732,2000.0
