ZL,error,N
-0.184341224940364,0.00714544933667961,2000.0
