ZL,error,N
-0.11089984010119354,0.008234443711264262,2000.0
