ZL,error,N
-0.23511951475078488,0.007545759479752067,2000.0
