ZL,error,N
-0.25109605860950646,0.006876734449720475,2000.0
