ZL,error,N
-0.2056720540990133,0.008029143412550675,2000.0
