ZL,error,Nseed,Nsample
-0.28101188677260114,0.005192936670100955,2000.0,2000.0
