O^z,error,N,total_data
0.08909013085646314,0.0005260050361899415,2000.0,32000.0
