O^z,error,Nseed,Nsample
0.150749258083616,0.002356816925839016,2000.0,2000.0
