O^z,error,N,total_data
0.04601282445254709,0.00028977920747794925,2000.0,64000.0
