O^z,error,Nseed,Nsample
0.06088521196348712,0.00037113829393435783,2000.0,48000.0
