O^z,error,Nseed,Nsample
0.0691981268427212,0.0003956785335294122,2000.0,48000.0
