O^z,error,N,total_data
0.09743685129491188,0.0005410468866375613,2000.0,32000.0
