O^z,error,Nseed,Nsample
0.15880040988858593,0.0023530420256796876,2000.0,2000.0
