O^z,error,N,total_data
0.052725039937032536,0.00030863523708142613,2000.0,64000.0
