ZL,error,N
-0.4835702735809045,0.006299529490314734,2000.0
