ZL,error,N
-0.36935386909145973,0.003056355149748094,2000.0
