ZL,error,N
-0.44043173219706544,0.005814984060264083,2000.0
