ZL,error,N
-0.40019392646257895,0.004870185443987667,2000.0
