ZL,error,N
-0.3024447543696617,0.008522548366938195,2000.0
