ZL,error,N
-0.3128468287977422,0.007438025153797188,2000.0
