O^z,error,N,total_data
0.17619444212229968,0.0005839264700490483,2000.0,32000.0
