ZL,error,N
-0.2899513306007031,0.009129232493663984,2000.0
