ZL,error,N
-0.3280715643388133,0.005163996150348856,2000.0
