ZL,error,N
-0.14354795264669595,0.00708570360235753,2000.0
