ZL,error,N
-0.1045023173550847,0.0074039684682136115,2000.0
