ZL,error,N
-0.17928237946608747,0.00672895577702528,2000.0
