ZL,error,N
-0.22725304950881517,0.005313112783591454,2000.0
