ZL,error,N
-0.3291090005272876,0.008443810640541415,2000.0
