O^z,error,N,total_data
0.1669291053341587,0.000591193133374875,2000.0,32000.0
