ZL,error,N
-0.3419730124541412,0.006926590727412351,2000.0
