O^z,error,N,total_data
0.14169863615685493,0.0004913575068440379,2000.0,48000.0
