ZL,error,N
-0.3379922908322945,0.004992402685601254,2000.0
