ZL,error,N
-0.33986333256385703,0.0077691442312851034,2000.0
