O^z,error,N,total_data
0.08873537827307636,0.0005234548930720898,2000.0,32000.0
