ZL,error,N
0.023599677809553365,0.008402552258864474,2000.0
