ZL,error,N
-0.05255122054682688,0.007803555290677137,2000.0
