O^z,error,N,total_data
0.059935566162243596,0.0003770934958557451,2000.0,48000.0
