ZL,error,N
0.08622753420506747,0.00865550276558727,2000.0
