ZL,error,N
-0.15785729462140385,0.006053789611688299,2000.0
