O^z,error,N,total_data
0.1640246339486522,0.002369375283998731,2000.0,2000.0
