O^z,error,N,total_data
0.05756494445044259,0.00032606625168514594,2000.0,64000.0
