O^z,error,N,total_data
0.07387758625138902,0.0004078607194221352,2000.0,48000.0
