O^z,error,N,total_data
0.2816129536328202,0.0002988370234975713,2000.0,64000.0
