O^z,error,N,total_data
0.30690344127378444,0.001296685103378608,2000.0,2000.0
