O^z,error,N,total_data
0.29285745043162303,0.00037702278647885516,2000.0,32000.0
