O^z,error,N,total_data
0.2859846305557984,0.0003319064729225556,2000.0,48000.0
