O^z,error,N,total_data
0.1727268319138342,0.00235822277431093,2000.0,2000.0
