O^z,error,N,total_data
0.06532179564714402,0.00032712594528089495,2000.0,64000.0
