O^z,error,N,total_data
0.11169976868797124,0.0005547454235989398,2000.0,32000.0
