O^z,error,N,total_data
0.08220035497626821,0.0004107518517075103,2000.0,48000.0
