ZL,error,N
0.128877631062761,0.008194932183454866,2000.0
