ZL,error,N
-0.1029827083885322,0.006231306801095062,2000.0
