ZL,error,N
0.035582721488493195,0.007763388760084414,2000.0
