ZL,error,N
0.2058995866071084,0.008259196120023472,2000.0
