O^z,error,N,total_data
0.046036167830342735,0.0003309894906154643,2000.0,48000.0
