O^z,error,N,total_data
0.030909361234876268,0.00024341612314906616,2000.0,64000.0
