ZL,error,Nseed,Nsample
-0.27603951408257854,0.005277969949539911,2000.0,2000.0
