ZL,error,N
-0.2246579306612522,0.007623266015666538,2000.0
