O^z,error,N,total_data
0.12599858552376358,0.000573670064157994,2000.0,32000.0
