ZL,error,N
-0.19899096724906903,0.008150569152574295,2000.0
