ZL,error,N
-0.24043337506733348,0.006991694543850889,2000.0
