O^z,error,N,total_data
0.16331907486613692,0.00042960093308352026,2000.0,48000.0
