O^z,error,N,total_data
0.23238981215288257,0.0015336816942092574,2000.0,2000.0
