O^z,error,Nseed,Nsample
0.0599344324326284,0.0003753941460142673,2000.0,48000.0
