O^z,error,Nseed,Nsample
0.0882275903916168,0.0005208229045211736,2000.0,32000.0
