O^z,error,Nseed,Nsample
0.04432964059960724,0.00029016982575590116,2000.0,64000.0
