O^z,error,N,total_data
0.15019699511578258,0.0023374360749713026,2000.0,2000.0
