ZL,error,N
-0.024592537207193926,0.008492829150355586,2000.0
