ZL,error,N
-0.0720087635249413,0.008116590046266546,2000.0
