ZL,error,N
-0.12387534852060368,0.007487935401368055,2000.0
