ZL,error,Nseed,Nsample
-0.20312568161566402,0.0057513574624761124,2000.0,2000.0
