O^z,error,N,total_data
0.11945301899502755,0.00042410908623554224,2000.0,64000.0
