ZL,error,N
-0.24388324707764963,0.00925328066836835,2000.0
