ZL,error,N
-0.28379949612854205,0.007586855328497015,2000.0
