ZL,error,N
-0.267394743345454,0.008576847949814921,2000.0
