ZL,error,N
-0.31046086351773156,0.005339966316332196,2000.0
