ZL,error,N
-0.06582091674930905,0.008314225224013717,2000.0
