ZL,error,N
-0.11483040000062707,0.00791161098004119,2000.0
