ZL,error,Nseed,Nsample
-0.21725781721590823,0.005573853411761771,2000.0,2000.0
