ZL,error,N
-0.1518420811799177,0.00732678280935617,2000.0
