ZL,error,N
-0.11532911790035559,0.007979192182792923,2000.0
