ZL,error,N
-0.07576847012367276,0.008334791495123417,2000.0
