ZL,error,Nseed,Nsample
-0.22325491787916824,0.005580686172713617,2000.0,2000.0
