ZL,error,N
-0.1574542433525755,0.007338018374942932,2000.0
