ZL,error,N
-0.19932886333693842,0.007166815625121884,2000.0
