ZL,error,N
-0.1653867727158889,0.007851518762782034,2000.0
