O^z,error,N,total_data
0.08632709317781524,0.0004258411373169315,2000.0,48000.0
