ZL,error,N
-0.2506667550500365,0.005442502443051553,2000.0
