ZL,error,N
-0.13220525950955422,0.008307076537258628,2000.0
