O^z,error,N,total_data
0.1728324540537642,0.0023150049194119297,2000.0,2000.0
