O^z,error,N,total_data
0.055781993007109336,0.0003602390422971677,2000.0,48000.0
