O^z,error,N,total_data
0.08314486821479398,0.0005094525686820056,2000.0,32000.0
