O^z,error,N,total_data
0.1454006154664498,0.0023240392336632194,2000.0,2000.0
