O^z,error,N,total_data
0.04011671238644595,0.0002751741337916567,2000.0,64000.0
