O^z,error,N,total_data
0.1317384754303399,0.002262369083074706,2000.0,2000.0
