O^z,error,N,total_data
0.02795765308678282,0.00023122167813551233,2000.0,64000.0
