ZL,error,N
-0.5764712518879298,0.006537663425592985,2000.0
