ZL,error,N
-0.5449114194887306,0.006338693189699889,2000.0
