ZL,error,N
-0.4985362763225537,0.005752952963420255,2000.0
