O^z,error,N,total_data
0.2115994293106789,0.00047206268660488106,2000.0,48000.0
