O^z,error,N,total_data
0.20287785409498255,0.00042144603111223504,2000.0,64000.0
