ZL,error,N
-0.43090274079933294,0.0041653629081841465,2000.0
