ZL,error,N
-0.36103709524475974,0.008133315851235908,2000.0
