ZL,error,N
-0.3486481220210026,0.004874670234011865,2000.0
