ZL,error,N
-0.36283226286665654,0.007570672877436893,2000.0
