ZL,error,N
-0.357087487277724,0.006807261912767962,2000.0
