O^z,error,N,total_data
0.09430182798372347,0.0005322840030658354,2000.0,32000.0
