ZL,error,N
0.06827499808097308,0.0089182436773071,2000.0
