O^z,error,N,total_data
0.05015540932991869,0.000308639951952366,2000.0,64000.0
