ZL,error,N
0.004539671367060914,0.008503307885811242,2000.0
