ZL,error,N
-0.06452850468861893,0.00784567736494367,2000.0
