O^z,error,N,total_data
0.06668945171242117,0.000391812252484352,2000.0,48000.0
