O^z,error,N,total_data
0.23164578947424194,0.002014308781481531,2000.0,2000.0
