O^z,error,N,total_data
0.18425870611570272,0.0005826014731922331,2000.0,32000.0
