O^z,error,N,total_data
0.06982095823956876,0.00039921904921915076,2000.0,48000.0
