O^z,error,N,total_data
0.15882313967244224,0.002341349524712763,2000.0,2000.0
