O^z,error,N,total_data
0.010938456901467072,0.00015006115890249747,2000.0,48000.0
