O^z,error,N,total_data
0.005293301046614846,9.182069521316086e-05,2000.0,64000.0
