ZL,error,N
0.11487193635517054,0.005854013930403299,2000.0
