ZL,error,N
0.5756496987850942,0.0050555546369585105,2000.0
