O^z,error,N,total_data
0.02638559345551436,0.00027485932880472294,2000.0,32000.0
