ZL,error,N
0.4928577720234926,0.0053834587447273916,2000.0
