ZL,error,N
0.36218232484827023,0.005826721790943505,2000.0
