O^z,error,N,total_data
0.04320745714361417,0.0002864278928072664,2000.0,64000.0
