O^z,error,N,total_data
0.1496794356321016,0.002332980417443882,2000.0,2000.0
