O^z,error,N,total_data
0.05894614501685378,0.00037146544025989345,2000.0,48000.0
