O^z,error,N,total_data
0.071574147574331,0.0003504174979096716,2000.0,64000.0
