ZL,error,N
-0.19823676825036185,0.007215456559481803,2000.0
