O^z,error,N,total_data
0.11678001207292724,0.0005632503824841138,2000.0,32000.0
