ZL,error,N
-0.1291113120856113,0.008461222246563321,2000.0
