ZL,error,N
-0.16362275863516837,0.008038775000842805,2000.0
