O^z,error,N,total_data
0.08875459110425199,0.0004327528431459111,2000.0,48000.0
