ZL,error,Nseed,Nsample
-0.24897444498638568,0.005509426508871428,2000.0,2000.0
