ZL,error,N
0.25831677766965055,0.008161803014534853,2000.0
