ZL,error,N
0.18285549100148163,0.008016323448173882,2000.0
