ZL,error,N
0.07944443860433859,0.0077308965825989675,2000.0
