O^z,error,N,total_data
0.028512062856380978,0.00023649636947572412,2000.0,64000.0
