ZL,error,N
-0.0807814258286125,0.006314287332234045,2000.0
