O^z,error,N,total_data
0.09976249972624328,0.000547353901236577,2000.0,32000.0
