O^z,error,Nseed,Nsample
0.16107189989634094,0.0023646089053891537,2000.0,2000.0
