O^z,error,N,total_data
0.054596063360544976,0.0003123929598419678,2000.0,64000.0
