O^z,error,Nseed,Nsample
0.0720356670334358,0.0004002455453181225,2000.0,48000.0
