ZL,error,N
-0.5905149307788691,0.004615902038606748,2000.0
