ZL,error,N
-0.517398964245127,0.004457273495442999,2000.0
