ZL,error,N
-0.43394512382994604,0.003127025002160829,2000.0
