ZL,error,N
-0.6450623136360367,0.004466427119649307,2000.0
