O^z,error,Nseed,Nsample
0.1557070639014122,0.0023487361531412954,2000.0,2000.0
