O^z,error,Nseed,Nsample
0.06609104462514098,0.00038948097003753016,2000.0,48000.0
