ZL,error,N
-0.39862039517226416,0.008470758249087383,2000.0
