ZL,error,N
-0.3923426497846375,0.007853306610460164,2000.0
