ZL,error,N
-0.36551820074737806,0.004775769792437565,2000.0
