ZL,error,N
-0.3790566187020948,0.006930196003408857,2000.0
