O^z,error,N,total_data
0.028684127793814365,0.00023368306506121162,2000.0,64000.0
