ZL,error,N
0.07866319152599494,0.00774380043609033,2000.0
