ZL,error,N
-0.08100586017486994,0.006308700862141231,2000.0
