ZL,error,N
0.26074317643220324,0.008124664255604012,2000.0
