ZL,error,N
0.18099914366355363,0.008078184795180557,2000.0
