ZL,error,N
-0.5332672798672401,0.003030300371035833,2000.0
