ZL,error,N
-0.46854879114903236,0.0029049161060493286,2000.0
