ZL,error,N
-0.40795719571572425,0.0023636277005236353,2000.0
