ZL,error,N
-0.36454852505396285,0.0011760800718830227,2000.0
