O^z,error,N,total_data
0.0697095788941539,0.00040050941200394285,2000.0,48000.0
