ZL,error,Nseed,Nsample
-0.1917903995793859,0.005863819038182645,2000.0,2000.0
