ZL,error,N
-0.10630399992970523,0.007663924898806379,2000.0
