ZL,error,N
-0.049247690033061,0.008322209426533753,2000.0
