ZL,error,N
0.008764024769413247,0.008718886804280093,2000.0
