O^z,error,N,total_data
0.09777710672127728,0.000544183974873196,2000.0,32000.0
