ZL,error,N
0.2651710623293877,0.007911322448033173,2000.0
