O^z,error,N,total_data
0.038952477375258796,0.0003053465695395275,2000.0,48000.0
