ZL,error,N
0.18465201004006926,0.007964643143695964,2000.0
