O^z,error,N,total_data
0.06531152551343553,0.0004594487383239939,2000.0,32000.0
