ZL,error,N
0.08000836525541061,0.007683236708395371,2000.0
