ZL,error,N
-0.07328107921742152,0.006301909073826061,2000.0
