O^z,error,N,total_data
0.025161721872637283,0.00021768569441928988,2000.0,64000.0
