O^z,error,N,total_data
0.1263183928787419,0.0022716187335291163,2000.0,2000.0
