O^z,error,N,total_data
0.15241554450357034,0.0023047075453813907,2000.0,2000.0
