O^z,error,Nseed,Nsample
0.061525834819012346,0.0003785324060102556,2000.0,48000.0
