O^z,error,Nseed,Nsample
0.09032975666547298,0.0005239031367388774,2000.0,32000.0
