O^z,error,Nseed,Nsample
0.046220631167285364,0.00029545269287381066,2000.0,64000.0
