O^z,error,Nseed,Nsample
0.08049108362243709,0.00041776380102595263,2000.0,48000.0
