O^z,error,N,total_data
0.10887815293066656,0.0005552423186702757,2000.0,32000.0
