O^z,error,N,total_data
0.06371637893884032,0.00033349318823131636,2000.0,64000.0
