O^z,error,Nseed,Nsample
0.16974604197537946,0.002385619174920889,2000.0,2000.0
