ZL,error,Nseed,Nsample
-0.2868654795958603,0.005120165171406316,2000.0,2000.0
