ZL,error,N
-0.2507751040448138,0.007443342608388759,2000.0
