O^z,error,N,total_data
0.1300135449842027,0.0005783725047101594,2000.0,32000.0
