O^z,error,N,total_data
0.10273349006387898,0.0004525230856172738,2000.0,48000.0
