ZL,error,N
-0.22889004186512246,0.007880915456892588,2000.0
