O^z,error,N,total_data
0.08557382835321097,0.0003701877679757861,2000.0,64000.0
