ZL,error,N
-0.2639436797425162,0.006792223118676361,2000.0
