ZL,error,N
0.2996095439124648,0.007845599577364432,2000.0
