ZL,error,N
0.08739328982514555,0.007509681150238324,2000.0
