O^z,error,N,total_data
0.05053571454206677,0.0003316733024816046,2000.0,48000.0
