ZL,error,N
-0.09690401201805589,0.005938284716676801,2000.0
