O^z,error,N,total_data
0.08119974322573768,0.0004720771958999153,2000.0,32000.0
