O^z,error,N,total_data
0.03491983678207956,0.0002483872683374074,2000.0,64000.0
