ZL,error,N
0.21406040933508863,0.0078102496298253785,2000.0
