ZL,error,N
-0.7726455231399465,0.0006548043562715598,2000.0
