O^z,error,N,total_data
0.3305450525840501,0.00019034762278437683,2000.0,48000.0
