ZL,error,N
-0.6291806303337157,0.0010342359065428543,2000.0
