ZL,error,N
-0.8306631700870803,0.0004435153335957603,2000.0
