ZL,error,N
-0.8634767188277497,0.0003344646867678347,2000.0
