O^z,error,N,total_data
0.23862443924700352,0.0004342380984092274,2000.0,48000.0
