O^z,error,N,total_data
0.2765836546253306,0.001617568318111598,2000.0,2000.0
