O^z,error,N,total_data
0.25063850519248787,0.0004931759113156569,2000.0,32000.0
