O^z,error,Nseed,Nsample
0.05642204905458433,0.0003652869316945505,2000.0,48000.0
