O^z,error,N,total_data
0.14663971025436487,0.002320044874793183,2000.0,2000.0
