O^z,error,Nseed,Nsample
0.04046026191626377,0.00027735071347808737,2000.0,64000.0
