O^z,error,Nseed,Nsample
0.08423769932547276,0.0005110396426033553,2000.0,32000.0
