ZL,error,N
-0.17979905074115027,0.008028185008581545,2000.0
