ZL,error,N
-0.28363559784664505,0.004295953547906557,2000.0
