O^z,error,N,total_data
0.14313091169799538,0.00042569950976460654,2000.0,48000.0
