O^z,error,N,total_data
0.16937029886084898,0.0004869894806927181,2000.0,32000.0
