ZL,error,N
-0.22188879303616643,0.00666236024592296,2000.0
