ZL,error,N
-0.1532496268853612,0.008957314802169858,2000.0
