O^z,error,N,total_data
0.12727968698941214,0.0003816961696021309,2000.0,64000.0
