ZL,error,N
-0.24998551227671043,0.006982617094934167,2000.0
