ZL,error,N
-0.21006335204933796,0.00906452132589093,2000.0
