ZL,error,N
-0.22628869265846363,0.008232595006061804,2000.0
