ZL,error,N
-0.2983608216908629,0.004564567254371708,2000.0
