O^z,error,N,total_data
0.24898689541058922,0.000318941533307565,2000.0,32000.0
