O^z,error,N,total_data
0.24193710864892032,0.00025466882008772635,2000.0,64000.0
