O^z,error,N,total_data
0.24474670151891978,0.00028446334588531,2000.0,48000.0
