O^z,error,N,total_data
0.2695940159644794,0.000882268624279262,2000.0,2000.0
