O^z,error,N,total_data
0.10535714213072826,0.0005501935331387847,2000.0,32000.0
