O^z,error,N,total_data
0.16610411834096367,0.0023655031765891094,2000.0,2000.0
