O^z,error,N,total_data
0.059401438377704244,0.0003188254812969228,2000.0,64000.0
