O^z,error,N,total_data
0.07643063014817734,0.00040172332821892365,2000.0,48000.0
