O^z,error,N,total_data
0.10573171696303568,0.0002149845834764849,2000.0,32000.0
