O^z,error,N,total_data
0.19242183730963158,0.0004963936586493763,2000.0,2000.0
