O^z,error,N,total_data
0.034174783423750243,0.00014891079700167728,2000.0,64000.0
