O^z,error,N,total_data
0.05821251671560292,0.00018604699009328764,2000.0,48000.0
