ZL,error,N
0.2906832891384793,0.007835688083504393,2000.0
