ZL,error,N
0.10473232408966882,0.007637088076285934,2000.0
