ZL,error,N
-0.0623257476401184,0.006342833552891923,2000.0
