ZL,error,N
0.21075977950269628,0.007812239528384164,2000.0
