O^z,error,Nseed,Nsample
0.07903974097550903,0.00041883488367271533,2000.0,48000.0
