O^z,error,Nseed,Nsample
0.10705082059193624,0.0005586555474579482,2000.0,32000.0
