O^z,error,N,total_data
0.16690073656853452,0.0023305005891364394,2000.0,2000.0
