O^z,error,Nseed,Nsample
0.06110348302363535,0.00033646179385760967,2000.0,64000.0
