ZL,error,N
-0.2568783042507146,0.0049843168351410795,2000.0
