ZL,error,N
-0.18208381217380873,0.00663460894617638,2000.0
