ZL,error,N
-0.20581832338923164,0.006465122017897981,2000.0
