ZL,error,N
-0.22738629948385308,0.006202873740399732,2000.0
