O^z,error,N,total_data
0.0708366428679303,0.00034884794130112575,2000.0,64000.0
