ZL,error,N
-0.18591422634094004,0.007775435636490296,2000.0
