ZL,error,N
-0.2160965501928523,0.007049218441135247,2000.0
