ZL,error,N
-0.2584700696781523,0.005382618992681338,2000.0
