ZL,error,N
-0.14906432558486568,0.00814647654209838,2000.0
