O^z,error,N,total_data
0.0900211278425267,0.00043203457871260006,2000.0,48000.0
