O^z,error,N,total_data
0.06076874977457472,0.0003156322166591241,2000.0,64000.0
