O^z,error,N,total_data
0.16758469372522214,0.0023731914947483553,2000.0,2000.0
