O^z,error,N,total_data
0.07807666866935091,0.0003978753099554614,2000.0,48000.0
