O^z,error,N,total_data
0.10700289877952002,0.0005490021298220778,2000.0,32000.0
