O^z,error,N,total_data
0.13107303612517632,0.0005846718388591474,2000.0,32000.0
