ZL,error,N
-0.2686389533889131,0.0054422426703481545,2000.0
