ZL,error,N
-0.15748521080438893,0.008838243681996115,2000.0
