ZL,error,N
-0.19825816609204686,0.008291882345164286,2000.0
