ZL,error,N
-0.22506414957560814,0.007452165906469439,2000.0
