ZL,error,N
-0.04519672055569067,0.008383527112135568,2000.0
