ZL,error,Nseed,Nsample
-0.2099968024574305,0.005683872483284481,2000.0,2000.0
