ZL,error,N
-0.09092616173858897,0.0080039463328324,2000.0
