ZL,error,N
-0.13743264309013317,0.007452747392837258,2000.0
