ZL,error,N
-0.24562504781017502,0.005255288899429222,2000.0
