ZL,error,N
-0.044787128471708806,0.009505918821290758,2000.0
