ZL,error,N
-0.094239364036612,0.008750569646075002,2000.0
