ZL,error,N
-0.15566845388002926,0.007601507726950597,2000.0
