ZL,error,N
0.03928911393884497,0.00746668871901584,2000.0
