ZL,error,N
0.24764097387123452,0.008144510688841708,2000.0
