ZL,error,N
-0.13320361999494995,0.005644330675429558,2000.0
