ZL,error,N
0.16039151711809865,0.007992010344546848,2000.0
