O^z,error,N,total_data
0.07029346999701476,0.0003397138522369679,2000.0,64000.0
