O^z,error,N,total_data
0.08600178003782193,0.0004218707138303691,2000.0,48000.0
