O^z,error,N,total_data
0.11530553698293979,0.0005636012106496134,2000.0,32000.0
