O^z,error,N,total_data
0.17531730938095352,0.0023747108933461288,2000.0,2000.0
