O^z,error,N,total_data
0.04945984195661073,0.00034462294161842824,2000.0,48000.0
