ZL,error,N
0.19813554357143748,0.008375053880319675,2000.0
