ZL,error,N
0.12378872266796904,0.008301900879836614,2000.0
