ZL,error,N
0.027460579073678305,0.007882844003944714,2000.0
