O^z,error,N,total_data
0.03383343846725588,0.00025262254163802125,2000.0,64000.0
