O^z,error,N,total_data
0.07689143362450365,0.0004900954786879308,2000.0,32000.0
