O^z,error,N,total_data
0.17438225006208152,0.002373602093693624,2000.0,2000.0
