O^z,error,N,total_data
0.10453135304448244,0.0005544672840923557,2000.0,32000.0
