O^z,error,N,total_data
0.16458332642071552,0.002354040402710087,2000.0,2000.0
