O^z,error,N,total_data
0.1821869174966601,0.002348499961182552,2000.0,2000.0
