ZL,error,N
0.14572113067471434,0.008518466297596422,2000.0
