ZL,error,N
0.06912924896085641,0.008378332804510518,2000.0
