O^z,error,N,total_data
0.03800946979698188,0.00026937160745934034,2000.0,64000.0
