O^z,error,N,total_data
0.05499211813044753,0.00035961486376167765,2000.0,48000.0
