ZL,error,N
-0.13531827743868455,0.006145213887379708,2000.0
