ZL,error,N
-0.013587281517088216,0.007833402248167217,2000.0
