O^z,error,N,total_data
0.2531396513445694,0.0003585638773411666,2000.0,32000.0
