O^z,error,N,total_data
0.24780960700314614,0.0003157586403182604,2000.0,48000.0
