O^z,error,N,total_data
0.24538437270235636,0.0002780585591759193,2000.0,64000.0
