O^z,error,N,total_data
0.27361851682691274,0.0010523770484878131,2000.0,2000.0
