O^z,error,N,total_data
0.06044324885042485,0.00044311489451209177,2000.0,32000.0
