O^z,error,N,total_data
0.035124272801343365,0.00028994430623101243,2000.0,48000.0
