O^z,error,N,total_data
0.1210308118744565,0.0022624670300633275,2000.0,2000.0
