O^z,error,N,total_data
0.022707584103309093,0.0002060274988589053,2000.0,64000.0
