O^z,error,N,total_data
0.2534769322124965,0.00024091247277065967,2000.0,48000.0
