ZL,error,N
-0.5992072718279214,0.0026517485218180907,2000.0
