ZL,error,N
-0.5140037341677705,0.002606384653706637,2000.0
