ZL,error,N
-0.42006657650534385,0.0017084246775302238,2000.0
