ZL,error,N
-0.6708031916021333,0.002158274686144772,2000.0
