O^z,error,N,total_data
0.17474528104941614,0.0022109007214288273,2000.0,2000.0
