ZL,error,N
0.027911354719979405,0.00939127988960095,2000.0
