ZL,error,N
-0.22083284832601288,0.0053421508553933225,2000.0
