ZL,error,N
-0.10769034574469535,0.007606061822365743,2000.0
