ZL,error,N
-0.02846561738133629,0.00869908934612876,2000.0
