ZL,error,N
-0.09327516114270507,0.007786369309228924,2000.0
