ZL,error,N
0.051909292723431005,0.0093252520534031,2000.0
