ZL,error,N
-0.007956358622522995,0.008754062866614018,2000.0
