ZL,error,N
-0.20984732414600699,0.005536907028776859,2000.0
