ZL,error,N
-0.2085638292301276,0.0028513490098136906,2000.0
