ZL,error,N
-0.04094147460490637,0.004987311228435503,2000.0
