ZL,error,N
0.07876940775595244,0.006252209014249248,2000.0
