ZL,error,N
0.16839183692024043,0.0069659178269476305,2000.0
