O^z,error,N,total_data
0.10019349899462943,0.0002355125101347823,2000.0,64000.0
