O^z,error,N,total_data
0.15534933251463467,0.0002386495345404621,2000.0,32000.0
