O^z,error,N,total_data
0.2194970923105144,0.0004904015791652167,2000.0,2000.0
