O^z,error,N,total_data
0.1202990849575798,0.000246535471205481,2000.0,48000.0
