ZL,error,N
-0.11414069888640073,0.008130608199636995,2000.0
