ZL,error,N
-0.06758089104572655,0.0085841542073147,2000.0
