O^z,error,N,total_data
0.1067452773742406,0.0005577351105835156,2000.0,32000.0
