ZL,error,Nseed,Nsample
-0.22328981458101968,0.005642348520157847,2000.0,2000.0
