ZL,error,N
-0.15616192029138243,0.007433487697349077,2000.0
