O^z,error,Nseed,Nsample
0.15596754612104932,0.002357281403104899,2000.0,2000.0
