O^z,error,N,total_data
0.050189541082821365,0.00030252078031354856,2000.0,64000.0
