O^z,error,Nseed,Nsample
0.06618323438127977,0.00038635214840503865,2000.0,48000.0
