O^z,error,N,total_data
0.09496271409395046,0.0005351983010202738,2000.0,32000.0
