ZL,error,N
-0.0634590854493272,0.006332414387119093,2000.0
