ZL,error,N
0.2915837993163172,0.00787169238200693,2000.0
