ZL,error,N
0.10462593193904843,0.0076108013975477035,2000.0
