ZL,error,N
0.21252300415017325,0.007863852556820797,2000.0
