ZL,error,N
0.15310812362829407,0.007623452213137895,2000.0
