ZL,error,N
-0.20360170007043893,0.0035417515161398137,2000.0
