ZL,error,N
-0.04089658955973517,0.005721621279049557,2000.0
