ZL,error,N
0.06853219424137601,0.006979208066684705,2000.0
