O^z,error,N,total_data
0.125926748273555,0.00039243452712557354,2000.0,32000.0
