O^z,error,N,total_data
0.09232100899138333,0.0003316019503924242,2000.0,48000.0
