O^z,error,N,total_data
0.10459765520856636,0.0005449350434044516,2000.0,32000.0
