O^z,error,N,total_data
0.07509791183214709,0.00039777698175456,2000.0,48000.0
