O^z,error,N,total_data
0.16713975187122843,0.0023871761737709113,2000.0,2000.0
