O^z,error,N,total_data
0.05984186906834565,0.0003134614797275878,1991.0,63712.0
