O^z,error,N,total_data
0.1412875253147804,0.002293710218620254,2000.0,2000.0
