O^z,error,N,total_data
0.07806286862098161,0.0004920658107110428,2000.0,32000.0
