O^z,error,N,total_data
0.03465123399341025,0.0002583528753566797,2000.0,64000.0
