O^z,error,N,total_data
0.050377625992641895,0.0003447149683153196,2000.0,48000.0
