O^z,error,N,total_data
0.1717985476184017,0.002365162837929668,2000.0,2000.0
