O^z,error,N,total_data
0.0834344887189496,0.0004220337153694145,2000.0,48000.0
