ZL,error,N
-0.2793829318011186,0.005541141682048232,2000.0
