O^z,error,N,total_data
0.10169012557552812,0.0004082971724277215,2000.0,64000.0
