ZL,error,N
-0.15060526443480862,0.00951000006414087,2000.0
