O^z,error,N,total_data
0.1471673630184117,0.000592455867341906,2000.0,32000.0
