ZL,error,N
-0.2268548803859455,0.007859508520041655,2000.0
