O^z,error,N,total_data
0.12073514934555629,0.00048163616369755233,2000.0,48000.0
