ZL,error,N
-0.19388160281475494,0.008867130108525927,2000.0
