ZL,error,N
-0.1677885847243831,0.006801924440976633,2000.0
