O^z,error,N,total_data
0.1501469586492528,0.00029662151058912367,2000.0,48000.0
