ZL,error,N
-0.18029228899707445,0.005510418405576291,2000.0
