ZL,error,N
-0.22313568519146287,0.004012317808158992,2000.0
