ZL,error,N
-0.2883575187309834,0.0019820035177109843,2000.0
