O^z,error,N,total_data
0.06315509960168791,0.0003336207580115988,2000.0,64000.0
