ZL,error,N
-0.17607954803405773,0.00726057150410058,2000.0
