ZL,error,N
-0.1368213658254193,0.007960944880595025,2000.0
