ZL,error,N
-0.23587051548433158,0.0055194875672924006,2000.0
