ZL,error,N
-0.10043337137035444,0.008426344928510722,2000.0
