O^z,error,N,total_data
0.08029963394903959,0.00042023207009339684,2000.0,48000.0
