O^z,error,N,total_data
0.16757624161518442,0.002366114370423454,2000.0,2000.0
