O^z,error,N,total_data
0.07752579129190541,0.00039976450981151157,2000.0,48000.0
