O^z,error,N,total_data
0.10557591191196071,0.0005455832749320793,2000.0,32000.0
