O^z,error,N,total_data
0.06094564798365836,0.00031819936042897147,2000.0,64000.0
