ZL,error,N
0.20387960952907652,0.008293497460355324,2000.0
