O^z,error,N,total_data
0.03188410239584387,0.0002469173173586361,2000.0,64000.0
