ZL,error,N
0.1272608386917886,0.008217648073679137,2000.0
