ZL,error,N
-0.10505859380941433,0.006238182404023276,2000.0
