ZL,error,N
0.03247750783670077,0.0077847881895952795,2000.0
