O^z,error,N,total_data
0.2458158547417417,0.0019888173904838618,2000.0,2000.0
