ZL,error,N
0.05615441976905494,0.00779494059340272,2000.0
