ZL,error,N
-0.09597196523544309,0.0062892162572895085,2000.0
