ZL,error,N
0.2328676254630487,0.008211220270108996,2000.0
