O^z,error,N,total_data
0.03032281486096441,0.00024148601709003537,2000.0,64000.0
