ZL,error,N
0.15067829050571172,0.00821458290686906,2000.0
