O^z,error,N,total_data
0.07241787152279572,0.0004776072265717762,2000.0,32000.0
