O^z,error,Nseed,Nsample
0.08380806538271753,0.0004252928436139574,2000.0,48000.0
