O^z,error,Nseed,Nsample
0.17265160438132687,0.0023640939601264127,2000.0,2000.0
