O^z,error,N,total_data
0.06664281722116146,0.00034160411386439964,2000.0,64000.0
