O^z,error,N,total_data
0.06161404726667653,0.00033079801559877015,2000.0,64000.0
