O^z,error,N,total_data
0.16762137557176177,0.0023638149013934353,2000.0,2000.0
