O^z,error,N,total_data
0.07905342755884485,0.00041815608511747295,2000.0,48000.0
