ZL,error,N
-0.20232034517308414,0.007115114702285345,2000.0
