ZL,error,Nseed,Nsample
-0.2497440741293821,0.005389387262192159,2000.0,2000.0
