ZL,error,N
-0.13634086024685163,0.008094507203027556,2000.0
