ZL,error,N
-0.16805433638557576,0.00776729516486149,2000.0
