O^z,error,N,total_data
0.07223477436088199,0.00047893086632970564,2000.0,32000.0
