O^z,error,N,total_data
0.13384076646021187,0.002292083018870023,2000.0,2000.0
