O^z,error,N,total_data
0.15624460493023468,0.0023505707771330326,2000.0,2000.0
