O^z,error,N,total_data
0.050032163860179155,0.0003055416194218184,2000.0,64000.0
