O^z,error,N,total_data
0.06749763515642493,0.00039542182559019047,2000.0,48000.0
