O^z,error,N,total_data
0.22038203341623558,0.0021857098336288444,2000.0,2000.0
