O^z,error,N,total_data
0.15701317735672762,0.0021924645810804224,2000.0,2000.0
