O^z,error,N,total_data
0.14832864950480276,0.0023517346914249337,2000.0,2000.0
