ZL,error,N
-0.09065714065869812,0.008241222010978164,2000.0
