ZL,error,N
-0.12244885465075972,0.007801418100574245,2000.0
