ZL,error,Nseed,Nsample
-0.22694392741706934,0.005505029851298259,2000.0,2000.0
