ZL,error,N
-0.16367852119486512,0.007218404184907278,2000.0
