O^z,error,N,total_data
0.20021605313245142,0.0021048972712078757,2000.0,2000.0
