O^z,error,N,total_data
0.23587586112564116,0.001894473048892372,2000.0,2000.0
