O^z,error,N,total_data
0.18359679181672026,0.0023376088968783916,2000.0,2000.0
