O^z,error,Nseed,Nsample
0.09164984537555992,0.00043614656438647467,2000.0,48000.0
