O^z,error,Nseed,Nsample
0.1795462570120635,0.0023750629821657756,2000.0,2000.0
