O^z,error,N,total_data
0.07459863794238925,0.00035006088229753475,2000.0,64000.0
