O^z,error,N,total_data
0.16998548601846425,0.0015817062948436298,2000.0,2000.0
