ZL,error,N
-0.05008580305294715,0.0032235046353176126,2000.0
