ZL,error,N
0.2240566593105584,0.005327952616642567,2000.0
