ZL,error,N
-0.21761237208617715,0.0012793285683066135,2000.0
