ZL,error,N
0.10860736247333272,0.0045964456232769945,2000.0
