ZL,error,N
-0.1584518064260419,0.005623361771613418,2000.0
