ZL,error,N
0.10304222101449209,0.008304894238964801,2000.0
