O^z,error,N,total_data
0.10643984067177253,0.0005066590978119751,2000.0,32000.0
