O^z,error,N,total_data
0.055363696819119824,0.00030627609890383404,2000.0,64000.0
