O^z,error,N,total_data
0.0741174540966193,0.0003830623487841438,2000.0,48000.0
