ZL,error,N
-0.005416725321847382,0.007607442120322019,2000.0
