ZL,error,N
0.1830785040526147,0.008640366407220428,2000.0
