O^z,error,N,total_data
0.15934253455315328,0.00045375438407415346,2000.0,32000.0
