O^z,error,N,total_data
0.11467307691962517,0.0003543783140048104,2000.0,64000.0
