O^z,error,N,total_data
0.21678449125959787,0.0014182214098471234,2000.0,2000.0
