O^z,error,N,total_data
0.1318952913917317,0.00039657841222179817,2000.0,48000.0
