ZL,error,N
-0.0952332406253418,0.007735146274328369,2000.0
