O^z,error,N,total_data
0.06908535508845078,0.0003983621556197677,2000.0,48000.0
