ZL,error,N
-0.03426614011733481,0.008454289879682322,2000.0
