O^z,error,N,total_data
0.05182352223922038,0.00031125865161304615,2000.0,64000.0
