ZL,error,N
-0.18477043132662843,0.0059037002217973145,2000.0
