ZL,error,N
0.024316500884352537,0.00882880729090266,2000.0
