O^z,error,N,total_data
0.23223461100126142,0.00048576543891857226,2000.0,2000.0
