O^z,error,N,total_data
0.18142025383573884,0.0002423864035947254,2000.0,32000.0
