O^z,error,N,total_data
0.1446000399822111,0.0002463018563120256,2000.0,64000.0
