O^z,error,N,total_data
0.15796880387545884,0.00024817799082003076,2000.0,48000.0
