O^z,error,N,total_data
0.0945544138261983,0.00040616307831070153,2000.0,48000.0
