O^z,error,N,total_data
0.19157924530836073,0.0018469239836320058,2000.0,2000.0
