O^z,error,N,total_data
0.07614298403905505,0.00034053637946175966,2000.0,64000.0
