O^z,error,N,total_data
0.12590477391565816,0.0005037442630648168,2000.0,32000.0
