O^z,error,N,total_data
0.3409182615059773,0.0005739695139217375,2000.0,2000.0
