O^z,error,N,total_data
0.07596869013924021,0.00036414807650499105,2000.0,64000.0
