O^z,error,N,total_data
0.18053563114876328,0.0022957759270671777,2000.0,2000.0
