O^z,error,N,total_data
0.06055068346165681,0.0003317573413366263,2000.0,64000.0
