ZL,error,N
-0.047270341204240784,0.00866758646222428,2000.0
