O^z,error,N,total_data
0.10704272256656175,0.000557832098804684,2000.0,32000.0
