ZL,error,Nseed,Nsample
-0.21748320444756528,0.005737737416676356,2000.0,2000.0
