ZL,error,N
-0.14961157140622253,0.007584504349290547,2000.0
