ZL,error,N
-0.09980005350611833,0.008232876612790464,2000.0
