O^z,error,N,total_data
0.03655158518700193,0.00029504277955426177,2000.0,48000.0
