O^z,error,N,total_data
0.12367504432765192,0.0022520478722760882,2000.0,2000.0
