O^z,error,N,total_data
0.023089762077088183,0.00020711600153359107,2000.0,64000.0
