O^z,error,N,total_data
0.061827793063339576,0.0004441572769658694,2000.0,32000.0
