O^z,error,N,total_data
0.07702191086211849,0.0004934318250217734,2000.0,32000.0
