O^z,error,N,total_data
0.04958482746293364,0.0003433949820796858,2000.0,48000.0
