O^z,error,N,total_data
0.03396167448023388,0.0002514595739970603,2000.0,64000.0
