O^z,error,N,total_data
0.13768780327095456,0.002305642072798298,2000.0,2000.0
