ZL,error,Nseed,Nsample
-0.2655225775802268,0.005213976573776966,2000.0,2000.0
