ZL,error,N
-0.23398256623608943,0.006800630259333052,2000.0
