ZL,error,N
-0.21208458691439355,0.0073507066330759895,2000.0
