ZL,error,N
-0.18733373229174635,0.0077454799901656626,2000.0
