ZL,error,N
0.053104908822369956,0.007774804853778496,2000.0
