O^z,error,N,total_data
0.07150612504930276,0.00047505338042612834,2000.0,32000.0
