O^z,error,N,total_data
0.02979700091295403,0.00023826840874844062,2000.0,64000.0
