O^z,error,N,total_data
0.045373481459871835,0.0003299161852918854,2000.0,48000.0
