ZL,error,N
0.15222320633679493,0.00819205720101988,2000.0
