ZL,error,N
0.2391067554969456,0.008161581915962926,2000.0
