ZL,error,N
0.056560961834026445,0.007739743665000104,2000.0
