ZL,error,N
-0.08897822730579255,0.0062857604251198825,2000.0
