ZL,error,N
0.22847318295776609,0.008242517266869429,2000.0
