ZL,error,N
0.15459930761791846,0.00816323843798409,2000.0
