O^z,error,N,total_data
0.042949602871270254,0.0003199693103165817,2000.0,48000.0
