O^z,error,N,total_data
0.09978857894154458,0.0004539478115133127,2000.0,48000.0
