O^z,error,N,total_data
0.12635458677333128,0.0005823260026253981,2000.0,32000.0
