O^z,error,N,total_data
0.18421955779399204,0.00229929675943341,2000.0,2000.0
