O^z,error,N,total_data
0.16256575306022816,0.0005937271039332365,2000.0,32000.0
