O^z,error,N,total_data
0.21342520104025414,0.0021867082547099015,2000.0,2000.0
