ZL,error,N
-0.22943949556994078,0.006156324588959018,2000.0
