ZL,error,N
-0.1736425438211849,0.006709728078814678,2000.0
