ZL,error,N
-0.2038122027980694,0.006489211775562862,2000.0
