ZL,error,N
-0.2559958816124957,0.004987373408547156,2000.0
