O^z,error,N,total_data
0.3648772901192901,0.00048019164081202485,2000.0,2000.0
