O^z,error,N,total_data
0.17286496801342202,0.0018375102147094873,2000.0,2000.0
