O^z,error,N,total_data
0.05008454052287881,0.00027770090324651824,2000.0,64000.0
