O^z,error,N,total_data
0.06877379046615928,0.00035475361651125527,2000.0,48000.0
