O^z,error,N,total_data
0.10197245478037165,0.0004669054689011249,2000.0,32000.0
