O^z,error,N,total_data
0.07539240301492472,0.00039798590987146556,2000.0,48000.0
