O^z,error,N,total_data
0.16609727968905105,0.0023855891690944403,2000.0,2000.0
