O^z,error,N,total_data
0.10402927224585021,0.0005470737584796435,2000.0,32000.0
