O^z,error,N,total_data
0.058630483963173226,0.00031108739650399645,2000.0,64000.0
