O^z,error,N,total_data
0.08095499898851229,0.0004139480704166915,2000.0,48000.0
