O^z,error,N,total_data
0.17126212462164295,0.0023544562608297584,2000.0,2000.0
