O^z,error,N,total_data
0.11076683163628277,0.0005527746031159859,2000.0,32000.0
