O^z,error,N,total_data
0.06449957810726502,0.00032603758646516777,2000.0,64000.0
