O^z,error,N,total_data
0.20898813473549457,0.001405094874906122,50.0,1600.0
