O^z,error,N,total_data
0.10343432011957401,0.0005510426198865057,2000.0,32000.0
