ZL,error,N
-0.06362807236759163,0.008409382826878262,2000.0
