ZL,error,N
-0.20130110840251889,0.0058293543742069034,2000.0
