ZL,error,N
-0.11935573417912346,0.007722696670343057,2000.0
