ZL,error,N
-0.009428176028587015,0.008862768084863002,2000.0
