O^z,error,N,total_data
0.24000091593199396,0.0020314227767032197,2000.0,2000.0
