O^z,error,N,total_data
0.16573120401608238,0.0004349919108791132,2000.0,64000.0
