ZL,error,N
-0.23903051387398436,0.005517967428584516,2000.0
