ZL,error,N
-0.18086035988732657,0.007227017320234871,2000.0
