ZL,error,N
-0.11010472011753805,0.008385170887406835,2000.0
