ZL,error,N
-0.14495767997583442,0.007993335977716762,2000.0
