O^z,error,N,total_data
0.11030112936684885,0.0005593036679688056,2000.0,32000.0
