O^z,error,N,total_data
0.08237170749028096,0.00042323432873648577,2000.0,48000.0
