ZL,error,N
-0.09076742847950355,0.008134920106547747,2000.0
