ZL,error,N
-0.053421117192617544,0.008985865784365067,2000.0
