O^z,error,N,total_data
0.10727810623471785,0.0003619668888599848,2000.0,64000.0
