O^z,error,N,total_data
0.123372750186724,0.0004145762331137691,2000.0,48000.0
