ZL,error,N
-0.2532468952852098,0.004384720374576339,2000.0
