ZL,error,N
-0.15868508278107293,0.0067794647721727995,2000.0
