O^z,error,N,total_data
0.02867518300933898,0.00023240073503466447,2000.0,64000.0
