O^z,error,N,total_data
0.06927487904213792,0.00047124625551973057,2000.0,32000.0
