O^z,error,N,total_data
0.13053389060558446,0.0022945558960644078,2000.0,2000.0
