O^z,error,N,total_data
0.1099005619929242,0.0005596867201592061,2000.0,32000.0
