O^z,error,N,total_data
0.1693004200257276,0.0023177134522272495,2000.0,2000.0
