O^z,error,N,total_data
0.06409496547304881,0.000341225442602344,2000.0,64000.0
