ZL,error,N
-0.1676167664934825,0.0073459495859637385,2000.0
