O^z,error,N,total_data
0.08060327223536079,0.00041589278720075186,2000.0,48000.0
