ZL,error,N
-0.23085267676831667,0.005569739638398508,2000.0
