O^z,error,N,total_data
0.06497422716491826,0.0003381634485115038,2000.0,64000.0
