O^z,error,N,total_data
0.10865489854560798,0.0005574607166564569,2000.0,32000.0
