ZL,error,N
-0.12769064741815975,0.008010268273793456,2000.0
