ZL,error,N
-0.0967157973448436,0.008496614008671242,2000.0
