O^z,error,N,total_data
0.3500522534925054,0.00034788595479565647,2000.0,2000.0
