ZL,error,N
0.21339846586862546,0.007915772851587333,2000.0
