O^z,error,N,total_data
0.04250871361057485,0.0003154942398228183,2000.0,48000.0
