O^z,error,N,total_data
0.028382614690638838,0.00023332341967423153,2000.0,64000.0
