ZL,error,N
0.2942484051353696,0.007958004900386034,2000.0
