O^z,error,N,total_data
0.07086728163436873,0.00046796647316177636,2000.0,32000.0
