ZL,error,N
0.09548058728750002,0.0076814366756637435,2000.0
