ZL,error,N
-0.07362971513820084,0.006268825361640402,2000.0
