O^z,error,N,total_data
0.042016860561939595,0.00031665396046975426,2000.0,48000.0
