O^z,error,N,total_data
0.13258922446861038,0.0022570117268100203,2000.0,2000.0
