O^z,error,N,total_data
0.06864431423116109,0.0004654538279565253,2000.0,32000.0
