ZL,error,Nseed,Nsample
-0.19742569093253945,0.00576749065143516,2000.0,2000.0
