ZL,error,N
-0.0688532336159203,0.008030073523905905,2000.0
