ZL,error,N
-0.11849146880755894,0.00748132616953655,2000.0
