ZL,error,N
-0.02058731611682878,0.008453801851066357,2000.0
