O^z,error,N,total_data
0.15798978676171427,0.002117414686174144,2000.0,2000.0
