O^z,error,N,total_data
0.23286510106049604,0.001196559377824002,2000.0,2000.0
