O^z,error,N,total_data
0.14831788072928972,0.0022623415355183286,2000.0,2000.0
