O^z,error,N,total_data
0.25916066457570974,0.0009123310980996549,2000.0,2000.0
