O^z,error,N,total_data
0.2244914060402766,0.0003067136994544575,2000.0,48000.0
