O^z,error,N,total_data
0.2322053577162963,0.000338093540571654,2000.0,32000.0
