O^z,error,N,total_data
0.22130408534672147,0.0002762899481780707,2000.0,64000.0
