SOP,error,Nseed,Nsample
0.12029908495757984,0.0002465329031142804,2000.0,48000.0
