O^z,error,N,total_data
0.28272932751482555,0.00017186044312557353,2000.0,64000.0
