O^z,error,N,total_data
0.2864971893105326,0.00021047947516059125,2000.0,32000.0
