O^z,error,N,total_data
0.28553404327493914,0.00019189190344155816,2000.0,48000.0
