O^z,error,N,total_data
0.29297084431470244,0.0004959098196968452,2000.0,2000.0
