O^z,error,N,total_data
0.13930901939612828,0.0003732357119490747,2000.0,48000.0
