O^z,error,N,total_data
0.12421324141232117,0.00034217787850626913,2000.0,64000.0
