ZL,error,N
-0.11390021612616777,0.008359323890182534,2000.0
