ZL,error,N
-0.1441508766154746,0.007212854818305418,2000.0
