ZL,error,N
-0.2744100797587123,0.003414433509662968,2000.0
