ZL,error,N
-0.19476633927885784,0.0057651796514242735,2000.0
