O^z,error,N,total_data
0.2824074343343944,0.0010065103733860477,2000.0,2000.0
