O^z,error,N,total_data
0.29193775849630504,0.0006251109731648989,2000.0,2000.0
