O^z,error,N,total_data
0.12005493897983567,0.0005703633531710051,2000.0,32000.0
