ZL,error,N
-0.2314651925681689,0.006865603303322054,2000.0
