ZL,error,N
-0.2087640501673095,0.007550092802108618,2000.0
