O^z,error,N,total_data
0.09164984537555988,0.0004361465643864747,2000.0,48000.0
