ZL,error,N
-0.18476462843165092,0.007866498973095418,2000.0
