ZL,error,N
-0.26596683931744897,0.005246002936541166,2000.0
