ZL,error,N
-0.05393588881374524,0.008578431652048845,2000.0
