O^z,error,N,total_data
0.07716601875038658,0.0004145450244670112,2000.0,48000.0
