O^z,error,N,total_data
0.0593894199208427,0.00033382316651348173,2000.0,64000.0
