ZL,error,N
-0.19994887331697583,0.005900068009269545,2000.0
