ZL,error,N
0.006103837484206822,0.009102582533497793,2000.0
