ZL,error,N
-0.11399188624256536,0.007836205450972383,2000.0
