ZL,error,N
-0.4008483713043273,0.007670958212509483,2000.0
