O^z,error,N,total_data
0.1653863747664093,0.0004986123638675607,2000.0,48000.0
