ZL,error,N
-0.3860671310437135,0.006767950685865014,2000.0
