ZL,error,N
-0.4010791109336792,0.008154187966704345,2000.0
