ZL,error,N
-0.36669160624876923,0.004796746560035514,2000.0
