O^z,error,N,total_data
0.15057522958699854,0.0004354980633485282,2000.0,64000.0
