ZL,error,N
-0.4800846791114487,0.0011109457194318068,2000.0
