ZL,error,N
-0.6125083051487352,0.0015214874561493984,2000.0
