ZL,error,N
-0.7041291828045503,0.0012173899033022441,2000.0
