ZL,error,N
-0.7577543691308511,0.0009647963345645449,2000.0
