ZL,error,N
-0.04893979312877691,0.00812002359740283,2000.0
