ZL,error,Nseed,Nsample
-0.18910402361520864,0.005811445783396616,2000.0,2000.0
