ZL,error,N
0.004797561901219506,0.008524238739225034,2000.0
