ZL,error,N
-0.10713461521316166,0.007525829412600171,2000.0
