ZL,error,N
-0.3842167163748754,0.004609396906642141,2000.0
