ZL,error,N
-0.41317207412933393,0.006662977459504402,2000.0
