O^z,error,N,total_data
0.19219386417581685,0.0004797449577060967,2000.0,48000.0
