ZL,error,N
-0.4372305788257369,0.007452409036287312,2000.0
