ZL,error,N
-0.44970408628893377,0.008114019481311742,2000.0
