O^z,error,N,total_data
0.2817586045712397,0.000212127357028667,2000.0,48000.0
