ZL,error,N
-0.6036328492457919,0.001977469681533982,2000.0
