ZL,error,N
-0.6936459330357294,0.0016138782633135478,2000.0
