ZL,error,N
-0.47429747690458035,0.0015319903599770065,2000.0
