O^z,error,N,total_data
0.28336209459139744,0.0002372652580193604,2000.0,32000.0
