O^z,error,N,total_data
0.27899406892364653,0.00019039185731868478,2000.0,64000.0
