ZL,error,N
-0.7484663298444154,0.0012479571623163204,2000.0
