O^z,error,N,total_data
0.11634114371458165,0.000554889066931156,2000.0,32000.0
