O^z,error,N,total_data
0.08648095297329993,0.00041586494959275626,2000.0,48000.0
