O^z,error,N,total_data
0.06962257070050533,0.0003332226849468479,2000.0,64000.0
