O^z,error,N,total_data
0.1751495310216682,0.0023614376558430965,2000.0,2000.0
