ZL,error,N
-0.20741399846470893,0.006875103836812672,2000.0
