ZL,error,N
-0.1565312416677565,0.007807721236835233,2000.0
