ZL,error,N
-0.18004660362107958,0.007440346036993179,2000.0
