ZL,error,N
-0.24934272408966876,0.0052954765892095565,2000.0
