SOP,error,Nseed,Nsample
0.24518555799955097,0.0002289782161871962,2000.0,32000.0
