O^z,error,N,total_data
0.14894316627584697,0.000563436960544442,2000.0,32000.0
