O^z,error,N,total_data
0.20719820461170296,0.001999735500380384,2000.0,2000.0
