ZL,error,N
0.0378695140950627,0.008455013826194981,2000.0
