O^z,error,N,total_data
0.09032975666547297,0.0005239031367388773,2000.0,32000.0
