O^z,error,N,total_data
0.04622063116728537,0.00029545269287381066,2000.0,64000.0
