ZL,error,N
0.09994311951170802,0.00882370421908825,2000.0
