O^z,error,N,total_data
0.061525834819012394,0.0003785324060102556,2000.0,48000.0
