ZL,error,N
-0.040664360457860205,0.007875313094577873,2000.0
