O^z,error,N,total_data
0.2144461978755021,0.001981670547505935,2000.0,2000.0
