O^z,error,N,total_data
0.15959244263150824,0.0005668017070660757,2000.0,32000.0
