O^z,error,N,total_data
0.11704854962225036,0.00042445073258545567,2000.0,48000.0
