O^z,error,N,total_data
0.20673318358591025,0.001722192548073185,2000.0,2000.0
