O^z,error,N,total_data
0.14635767535821204,0.000506881807292225,2000.0,32000.0
