O^z,error,N,total_data
0.09871656138106853,0.00036480760873711603,2000.0,64000.0
