ZL,error,N
-0.24794534921700082,0.005129704554687899,2000.0
