ZL,error,N
-0.21153867702783988,0.006398091529696982,2000.0
