ZL,error,N
-0.16414607931412648,0.0069339287618004515,2000.0
