ZL,error,N
-0.18776617186548342,0.006703549418221124,2000.0
