O^z,error,Nseed,Nsample
0.08306034980629053,0.0004231212949734199,2000.0,48000.0
