O^z,error,N,total_data
0.1114455006953355,0.0005608113524287168,2000.0,32000.0
