O^z,error,Nseed,Nsample
0.1721097513002054,0.0023791384190482256,2000.0,2000.0
