O^z,error,N,total_data
0.0662789110405434,0.0003332084631787079,2000.0,64000.0
