ZL,error,N
0.02248922956619861,0.008510581269043575,2000.0
