ZL,error,N
-0.09247902587837528,0.007606819698256838,2000.0
