ZL,error,Nseed,Nsample
-0.18127421079487133,0.005896110503978624,2000.0,2000.0
