ZL,error,N
-0.029252140159235062,0.00819149731496085,2000.0
