ZL,error,N
-0.18291427007013575,0.007144204545090077,2000.0
