ZL,error,N
-0.26090039600342907,0.005076836088096635,2000.0
