ZL,error,N
-0.23007308505234544,0.006421157425663621,2000.0
