ZL,error,N
-0.20447966480787008,0.006896224092562959,2000.0
