O^z,error,N,total_data
0.07808019537601334,0.00198124426858521,2000.0,2000.0
