ZL,error,N
-0.15447547360340252,0.007020805199120851,2000.0
