ZL,error,N
-0.20874473014764314,0.006461344672368318,2000.0
