ZL,error,N
-0.17633743058009432,0.006882706540259085,2000.0
