ZL,error,N
-0.24669268641965628,0.005151775488759289,2000.0
