O^z,error,N,total_data
0.14951297360278668,0.0023515550449855977,2000.0,2000.0
