O^z,error,N,total_data
0.08790710568481043,0.0005225680234175207,2000.0,32000.0
