O^z,error,N,total_data
0.058948210122713236,0.0003705287468676769,2000.0,48000.0
