O^z,error,N,total_data
0.04433212803638328,0.0002841998856687648,2000.0,64000.0
