ZL,error,N
-0.40638759614685643,0.004467382520955779,2000.0
