ZL,error,N
-0.5128623643125053,0.007342677694539783,2000.0
