ZL,error,N
-0.4869291935466953,0.007006570560127899,2000.0
