O^z,error,N,total_data
0.21437602498913993,0.0005616998852031622,2000.0,32000.0
