ZL,error,N
-0.45574531518869016,0.006274335564800924,2000.0
