ZL,error,N
-0.030692891534773715,0.008559269380096528,2000.0
