ZL,error,N
-0.12914220584338176,0.007503214578320803,2000.0
