O^z,error,N,total_data
0.07035834863852358,0.0003980687632314275,2000.0,48000.0
