ZL,error,N
-0.20497756692596983,0.005748632946609143,2000.0
