ZL,error,N
-0.07510017124097366,0.008149217221373902,2000.0
