ZL,error,N
-0.44161210371150866,0.004046618574613999,2000.0
