ZL,error,N
-0.5711878380434778,0.0059263644343333505,2000.0
