ZL,error,N
-0.5188270059721106,0.005474535267672819,2000.0
