ZL,error,N
-0.6065094937799278,0.006051617813508271,2000.0
