O^z,error,N,total_data
0.21843878034486122,0.00046352735953338086,2000.0,48000.0
