O^z,error,N,total_data
0.2108933699849674,0.0004125433205702567,2000.0,64000.0
