ZL,error,N
-0.052683485166674926,0.008360078565175127,2000.0
