ZL,error,N
-0.10888838736617013,0.007658878410487634,2000.0
