O^z,error,N,total_data
0.05289752601256545,0.00031072407619376865,2000.0,64000.0
