O^z,error,N,total_data
0.07062453556870059,0.00040292907055156665,2000.0,48000.0
