ZL,error,N
0.007147117095694868,0.008718002797632735,2000.0
