ZL,error,N
-0.19442002885837084,0.005859923169438094,2000.0
