O^z,error,N,total_data
0.09899688313270039,0.0005427983394984367,2000.0,32000.0
