O^z,error,N,total_data
0.07939606397593252,0.0003641617665594681,2000.0,64000.0
