O^z,error,N,total_data
0.1831248642000083,0.002361255201656518,2000.0,2000.0
