O^z,error,N,total_data
0.12453023047770474,0.0005725040478428407,2000.0,32000.0
