ZL,error,N
-0.1459751959438565,0.005194529753332534,2000.0
