ZL,error,N
0.24080538273271093,0.008084259058906614,2000.0
