ZL,error,N
0.15316370852975675,0.007828351673168765,2000.0
