ZL,error,N
0.03125376881573758,0.007098724100629404,2000.0
