O^z,error,N,total_data
0.23629401236370107,0.0020455894692916203,2000.0,2000.0
