O^z,error,N,total_data
0.17196400150319427,0.0004959319646544622,2000.0,48000.0
