O^z,error,N,total_data
0.19220979826009796,0.0005811514270785157,2000.0,32000.0
