O^z,error,N,total_data
0.02443158357313195,0.00021533713367012392,2000.0,64000.0
