O^z,error,N,total_data
0.037506459803238586,0.0002982762500277663,2000.0,48000.0
