O^z,error,N,total_data
0.06287271706006152,0.0004485748403171945,2000.0,32000.0
