O^z,error,N,total_data
0.12567645773116426,0.0022509119410983693,2000.0,2000.0
