ZL,error,N
0.16097972534774124,0.008384245939194984,2000.0
