ZL,error,N
0.0819477770493337,0.00795634439157101,2000.0
