ZL,error,N
-0.028118268158362453,0.006972242849854321,2000.0
