ZL,error,N
-0.18270469089967004,0.004876601731871895,2000.0
