O^z,error,N,total_data
0.1505070568748605,0.002090660194618636,2000.0,2000.0
