ZL,error,N
-0.3023819495918807,0.007328000198052943,2000.0
