ZL,error,N
-0.32533490065267817,0.005057660009103124,2000.0
