ZL,error,N
-0.2890724193139744,0.008402178832855869,2000.0
