ZL,error,N
-0.2790730378440914,0.00915563643907245,2000.0
