O^z,error,Nseed,Nsample
0.08158939299282131,0.00041956781850533196,2000.0,48000.0
