O^z,error,N,total_data
0.06528200407916555,0.00033395182247064153,2000.0,64000.0
