O^z,error,Nseed,Nsample
0.17147898593908145,0.0023887551301101442,2000.0,2000.0
