O^z,error,N,total_data
0.110961252314532,0.0005573316025984918,2000.0,32000.0
