O^z,error,N,total_data
0.10127074975335722,0.0005492783892713418,2000.0,32000.0
