O^z,error,N,total_data
0.05681912266871446,0.00031461265283195974,2000.0,64000.0
