O^z,error,N,total_data
0.16273888811229142,0.002387709651020379,2000.0,2000.0
