O^z,error,N,total_data
0.07291545332634962,0.00040262890035313356,2000.0,48000.0
