O^z,error,N,total_data
0.06979391053749047,0.00029297797992327136,2000.0,64000.0
