O^z,error,N,total_data
0.19466073636593154,0.0014444620452401127,2000.0,2000.0
