O^z,error,N,total_data
0.12399215207633235,0.0004280865812053661,2000.0,32000.0
