O^z,error,N,total_data
0.09046879793133422,0.00035116768850062017,2000.0,48000.0
