ZL,error,N
-0.27356128828884646,0.005218867350205338,2000.0
