ZL,error,N
-0.2415834108520988,0.006877031652136887,2000.0
