ZL,error,N
-0.1967722667812169,0.007939947507405204,2000.0
