O^z,error,N,total_data
0.07866206604485179,0.00035725003235382934,2000.0,64000.0
