O^z,error,N,total_data
0.09514524569469368,0.00044118442394484094,2000.0,48000.0
