ZL,error,N
-0.2194601306853152,0.007537563511085282,2000.0
