O^z,error,N,total_data
0.16980486869013417,0.0023197333563270816,2000.0,2000.0
