O^z,error,N,total_data
0.19913717809078138,0.00200352613274226,2000.0,2000.0
