ZL,error,N
-0.27725404100877865,0.005533678089930224,2000.0
