ZL,error,N
-0.23324779910266208,0.0076587991147859516,2000.0
