ZL,error,N
-0.20484568823555702,0.008551728546516302,2000.0
