ZL,error,N
-0.16450078311727995,0.0092663877808224,2000.0
