ZL,error,N
-0.09568614363997918,0.008376327725291647,2000.0
