ZL,error,N
-0.1356848405352512,0.007955850093928674,2000.0
