ZL,error,Nseed,Nsample
-0.2327963490301932,0.005504188765436603,2000.0,2000.0
