ZL,error,N
-0.17248565616325237,0.0072456054552498825,2000.0
