O^z,error,N,total_data
0.026125986010097677,0.0002238651248528131,2000.0,64000.0
