ZL,error,N
0.07891047037915785,0.007710578427276668,2000.0
