ZL,error,N
0.1837251235058674,0.007963748146757505,2000.0
