ZL,error,N
-0.07467258710413628,0.006306492203141149,2000.0
