ZL,error,N
0.2667545465813153,0.00798907556859104,2000.0
