SOP,error,Nseed,Nsample
0.2864971893105326,0.00021047618639309816,2000.0,32000.0
