O^z,error,N,total_data
0.2866493641906719,0.001104551747067696,50.0,1600.0
