ZL,error,N
-0.22426232685246547,0.006241802566128727,2000.0
