ZL,error,N
-0.18335282531847086,0.006747709845029193,1992.0
