ZL,error,N
-0.25528998168577954,0.005009518458661377,2000.0
