O^z,error,N,total_data
0.15158900628035907,0.0023437806929514976,2000.0,2000.0
