O^z,error,N,total_data
0.06418757316218304,0.000385716041081274,2000.0,48000.0
