O^z,error,N,total_data
0.047707551680827145,0.0002988715289281369,2000.0,64000.0
