ZL,error,N
-0.01092139016495451,0.008338807186484649,2000.0
