ZL,error,N
-0.11387879649891332,0.007444358287583674,2000.0
