ZL,error,N
-0.059645230065469755,0.007983211888924424,2000.0
