ZL,error,N
-0.19304050695383526,0.005744604277279074,2000.0
