O^z,error,N,total_data
0.10928606926827993,0.0004291807221894939,2000.0,48000.0
