O^z,error,N,total_data
0.09146441903254542,0.0003681319212003265,2000.0,64000.0
