O^z,error,N,total_data
0.2006256395203789,0.0018375400422152616,2000.0,2000.0
