ZL,error,N
-0.24686451837436912,0.005443004555645548,2000.0
