O^z,error,N,total_data
0.08450244285639036,0.00042592100563838993,2000.0,48000.0
