ZL,error,N
-0.12397514102624724,0.008255680804913927,2000.0
