ZL,error,N
-0.16074536451928004,0.00784502055800538,2000.0
