O^z,error,N,total_data
0.06698877156441903,0.00033972771267011217,2000.0,64000.0
