ZL,error,N
-0.19476803059922945,0.007174101250213508,2000.0
