O^z,error,Nseed,Nsample
0.037755536820461615,0.00026924407336622263,2000.0,64000.0
