O^z,error,Nseed,Nsample
0.053087340258583776,0.00035595557448193184,2000.0,48000.0
