O^z,error,N,total_data
0.14216365552404192,0.002313055575496649,2000.0,2000.0
