O^z,error,Nseed,Nsample
0.08034064890712579,0.0005003473829263602,2000.0,32000.0
