O^z,error,N,total_data
0.1913158687086361,0.00039534114839401486,2000.0,64000.0
