O^z,error,N,total_data
0.21547040819243563,0.0004995209004966043,2000.0,32000.0
