O^z,error,N,total_data
0.20087090026486518,0.00044065239823656263,2000.0,48000.0
