O^z,error,N,total_data
0.2518173014056052,0.0015763440676601584,2000.0,2000.0
