ZL,error,N
-0.48697128419893376,0.006557953920646658,2000.0
