ZL,error,N
-0.5223776362259354,0.00689769482383789,2000.0
