ZL,error,N
-0.4433834769680265,0.005868549189002338,2000.0
