ZL,error,N
-0.39845051830318584,0.004011465911555152,2000.0
