ZL,error,N
0.5420777250760525,0.004348611857262263,2000.0
