ZL,error,N
0.13456907863568005,0.005313107991763256,2000.0
