ZL,error,N
0.40208556257434735,0.005008486130759357,2000.0
