O^z,error,N,total_data
0.003461622430539877,6.472347552840063e-05,2000.0,64000.0
