ZL,error,N
0.6316218383244288,0.0034948352368538212,2000.0
