O^z,error,N,total_data
0.023753424615715564,0.00023907804541664366,2000.0,32000.0
