ZL,error,N
-0.13105043600219568,0.0020978251199967987,2000.0
