O^z,error,N,total_data
0.022974455466183267,0.00012382558152388372,2000.0,64000.0
