ZL,error,N
0.4353076645670895,0.003906978076158751,2000.0
