ZL,error,N
0.1262793182752492,0.0036797014511261153,2000.0
