O^z,error,N,total_data
0.08589552783976073,0.00024230622573033513,2000.0,32000.0
