O^z,error,N,total_data
0.042365648115194,0.00016753974725776133,2000.0,48000.0
