ZL,error,N
0.3171875121182575,0.003924676042016823,2000.0
