O^z,error,N,total_data
0.20931734106874358,0.001235657415652396,2000.0,2000.0
