O^z,error,N,total_data
0.11540346680406534,0.00035715348812949036,2000.0,48000.0
