O^z,error,N,total_data
0.1460809415854807,0.00040985370978492285,2000.0,32000.0
