ZL,error,N
-0.26609028832358117,0.005304186401637864,2000.0
