O^z,error,N,total_data
0.0755499156287772,0.0003549149957491298,2000.0,64000.0
