ZL,error,N
-0.20614212637242518,0.007699409872856031,2000.0
