ZL,error,N
-0.17604269352260898,0.00811503305420558,2000.0
