ZL,error,N
-0.22979135666987952,0.006978070696211297,2000.0
