O^z,error,N,total_data
0.09322370601406611,0.0004391312827645832,2000.0,48000.0
