O^z,error,N,total_data
0.10193140043686838,0.0005481160783319724,2000.0,32000.0
