O^z,error,N,total_data
0.05797667319031306,0.00031868853817177756,2000.0,64000.0
