O^z,error,N,total_data
0.16411599610477332,0.002385122656886163,2000.0,2000.0
