O^z,error,N,total_data
0.07449819443624232,0.00040424991275784036,2000.0,48000.0
