O^z,error,N,total_data
0.09764472921115445,0.0002935764178020827,2000.0,64000.0
