O^z,error,N,total_data
0.1491706309546301,0.0003590298784224052,2000.0,32000.0
