O^z,error,N,total_data
0.21320238758018176,0.0010032986611219908,2000.0,2000.0
