O^z,error,N,total_data
0.11741139550755107,0.00032691272606654755,2000.0,48000.0
