O^z,error,N,total_data
0.0523429598025213,0.0003519233489671659,2000.0,48000.0
