ZL,error,N
-0.13278696575523724,0.006142601866513263,2000.0
