ZL,error,N
-0.00994664050452955,0.007819981557293656,2000.0
