O^z,error,N,total_data
0.03701964231289594,0.00026516869871991714,2000.0,64000.0
