ZL,error,N
0.14561210865991747,0.008488278215877769,2000.0
