ZL,error,N
0.07725140673718076,0.008341889747117645,2000.0
