O^z,error,N,total_data
0.07076447387431829,0.00040414432259685054,2000.0,48000.0
