ZL,error,N
-0.023149157053339163,0.00853854601618844,2000.0
