O^z,error,N,total_data
0.05367593581788182,0.00031855326376763584,2000.0,64000.0
