O^z,error,N,total_data
0.09943081918377289,0.0005434932120198517,2000.0,32000.0
