ZL,error,N
-0.08832166408185685,0.007854659208777912,2000.0
