ZL,error,N
0.03822757090597255,0.008938272368398162,2000.0
