O^z,error,N,total_data
0.16558765536877307,0.0023786386439419716,2000.0,2000.0
