O^z,error,N,total_data
0.05956354197451912,0.0003281092247409076,2000.0,64000.0
