O^z,error,N,total_data
0.07621942815456774,0.0004117700251714855,2000.0,48000.0
