O^z,error,N,total_data
0.09493251068950685,0.0005387313668717358,2000.0,32000.0
