O^z,error,N,total_data
0.15585043053568332,0.002347164456783187,2000.0,2000.0
