O^z,error,N,total_data
0.05034035141756626,0.00030471046889597644,2000.0,64000.0
