ZL,error,N
0.29754589261730596,0.005940191450883761,2000.0
