ZL,error,N
0.03882267632672002,0.0047796821863261285,2000.0
