ZL,error,N
-0.1701047869168771,0.0028935612362215456,2000.0
