ZL,error,N
0.19331331163246987,0.00561607407166412,2000.0
