O^z,error,N,total_data
0.17551426757038505,0.0023612634626779747,2000.0,2000.0
