O^z,error,N,total_data
0.18143593212385742,0.00042884248219438444,2000.0,48000.0
