O^z,error,N,total_data
0.17197869441501054,0.00038771931467564185,2000.0,64000.0
