O^z,error,N,total_data
0.24189333430994722,0.0014990296616123485,2000.0,2000.0
