O^z,error,N,total_data
0.19981147876865443,0.00048080442000042955,2000.0,32000.0
