ZL,error,N
0.11999484132278711,0.008571294949970758,2000.0
