ZL,error,N
0.047715837419236184,0.008355968055186536,2000.0
