ZL,error,N
-0.14722087074949392,0.006101963097622547,2000.0
