ZL,error,N
-0.029864781335230243,0.007817419150611574,2000.0
