O^z,error,N,total_data
0.05660026588520387,0.00036478793563013244,2000.0,48000.0
