O^z,error,N,total_data
0.09050608654577391,0.00041363891933818194,2000.0,48000.0
