O^z,error,N,total_data
0.07094168290495516,0.00033837639078994824,2000.0,64000.0
