O^z,error,N,total_data
0.12176752049407498,0.0005162536437258428,2000.0,32000.0
