O^z,error,N,total_data
0.18645893166044095,0.0019331901801735653,2000.0,2000.0
