O^z,error,N,total_data
0.20828150551754002,0.002217033461705994,2000.0,2000.0
