O^z,error,N,total_data
0.1549789238644757,0.0004041741389661871,2000.0,64000.0
