O^z,error,N,total_data
0.1887616863716162,0.0005172419972663475,2000.0,32000.0
