O^z,error,N,total_data
0.2350117555652219,0.0016517417735356181,2000.0,2000.0
