O^z,error,N,total_data
0.1678897767178992,0.00045031707698326383,2000.0,48000.0
