O^z,error,N,total_data
0.24833253501812128,0.0009330216201540555,2000.0,2000.0
