O^z,error,N,total_data
0.20098577121548775,0.00032729336167229187,2000.0,48000.0
