O^z,error,N,total_data
0.2137261749019779,0.0003497086651443388,2000.0,32000.0
