O^z,error,N,total_data
0.19473776941823714,0.00030313700319836083,2000.0,64000.0
