O^z,error,N,total_data
0.16810219667958334,0.0005962178327151994,2000.0,32000.0
