O^z,error,N,total_data
0.21934194562422227,0.002123107448276585,2000.0,2000.0
