O^z,error,N,total_data
0.08452028070349166,0.0003737902428575453,2000.0,48000.0
