O^z,error,N,total_data
0.064985129211812,0.00030565636255955526,2000.0,64000.0
