O^z,error,N,total_data
0.11800086390273982,0.0004723966969261088,2000.0,32000.0
