O^z,error,N,total_data
0.18697558575821432,0.001729895844961012,2000.0,2000.0
