O^z,error,N,total_data
0.03796092702380841,0.0003030815210849688,2000.0,48000.0
