O^z,error,N,total_data
0.06416747302786428,0.00044984144871684485,2000.0,32000.0
