O^z,error,N,total_data
0.12778862655602785,0.0022408579612670718,2000.0,2000.0
