O^z,error,N,total_data
0.025278216641110473,0.00021947659647019436,2000.0,64000.0
