O^z,error,N,total_data
0.07069960494283467,0.00039943315540450267,2000.0,48000.0
