O^z,error,N,total_data
0.09883516699386684,0.0005423231313485364,2000.0,32000.0
