ZL,error,N
-0.0644991672431452,0.008229211103167959,2000.0
