ZL,error,N
-0.011738602527224466,0.008639675069664487,2000.0
