ZL,error,N
-0.20025444815251534,0.005782644109388525,2000.0
