ZL,error,N
-0.11942016137598034,0.0075742540064863,2000.0
