O^z,error,N,total_data
0.05361139187374942,0.0003150294425122592,2000.0,64000.0
