O^z,error,N,total_data
0.06726520859355534,0.00046875027224941944,2000.0,32000.0
