O^z,error,N,total_data
0.04156983424000166,0.0003178687058931889,2000.0,48000.0
