O^z,error,N,total_data
0.12939001488294347,0.0022917414436968973,2000.0,2000.0
