O^z,error,N,total_data
0.21454695555409956,0.0004742193406081951,2000.0,32000.0
