O^z,error,N,total_data
0.25095622986731325,0.001460355640815479,2000.0,2000.0
