O^z,error,N,total_data
0.19148891422226666,0.00037820856409649705,2000.0,64000.0
