O^z,error,N,total_data
0.20042721714498699,0.0004189845572620504,2000.0,48000.0
