ZL,error,N
-0.45163146458748743,0.003901622359405372,2000.0
