O^z,error,N,total_data
0.22458133838637953,0.0004552490818230141,2000.0,48000.0
