ZL,error,N
-0.5932300642808787,0.005605761027644757,2000.0
