O^z,error,N,total_data
0.21759487160681884,0.00040582607041475565,2000.0,64000.0
