O^z,error,N,total_data
0.23727464024250944,0.0005212038887327627,2000.0,32000.0
