ZL,error,N
-0.6321712425481025,0.005606691260742732,2000.0
