ZL,error,N
-0.5369995777481468,0.005203999157833071,2000.0
