O^z,error,N,total_data
0.23298544919004924,0.00038760713320784974,2000.0,64000.0
