ZL,error,N
-0.6098055226200162,0.005448287062804065,2000.0
