ZL,error,N
-0.5535392284729016,0.005112605296357794,2000.0
