ZL,error,N
-0.6530745658051578,0.005366373882165845,2000.0
