ZL,error,N
-0.463238390442786,0.0037899622151797317,2000.0
