O^z,error,Nseed,Nsample
0.16495065974013576,0.0023536419895459743,2000.0,2000.0
