O^z,error,Nseed,Nsample
0.07522357572412931,0.00041039878784438806,2000.0,48000.0
