O^z,error,N,total_data
0.10360155232630296,0.0005501727425060018,2000.0,32000.0
