O^z,error,N,total_data
0.027418740384433257,0.0002901712394118847,2000.0,32000.0
