O^z,error,N,total_data
0.08266411541872036,0.0019215372912243396,2000.0,2000.0
