O^z,error,N,total_data
0.16925402266615588,0.002294833935014251,2000.0,2000.0
