O^z,error,N,total_data
0.06681508137063483,0.000336397735408811,2000.0,64000.0
