O^z,error,N,total_data
0.11201898418686036,0.0005641235185387535,2000.0,32000.0
