O^z,error,Nseed,Nsample
0.17331993646648988,0.002385165032933593,2000.0,2000.0
