O^z,error,Nseed,Nsample
0.08462680307688612,0.0004231496851855883,2000.0,48000.0
