ZL,error,N
0.013715469406106958,0.008663635796251378,2000.0
