ZL,error,N
-0.043079622317503195,0.008252011782764504,2000.0
