ZL,error,N
-0.18796875913406094,0.005880591013080311,2000.0
