O^z,error,N,total_data
0.06772810590080562,0.00039183515691841234,2000.0,48000.0
