ZL,error,N
-0.10315601802492586,0.007646971719868052,2000.0
