ZL,error,N
-0.3187083861605759,0.004946352208234916,2000.0
