ZL,error,N
-0.2781411658233691,0.008372286452864098,2000.0
