ZL,error,N
-0.26503881633837534,0.009125584289525878,2000.0
