ZL,error,N
-0.2929226055411099,0.0072714571855078385,2000.0
