O^z,error,Nseed,Nsample
0.160802915203574,0.0023554901995826247,2000.0,2000.0
