O^z,error,N,total_data
0.05544592076324292,0.0003176977815666096,2000.0,64000.0
