O^z,error,Nseed,Nsample
0.07221553527464136,0.00040319647641084,2000.0,48000.0
