ZL,error,N
0.09972515034811832,0.008271772185488047,2000.0
