ZL,error,N
0.013784600434753378,0.007767211720364057,2000.0
