ZL,error,N
0.17722034988421148,0.008370573424320515,2000.0
