O^z,error,N,total_data
0.07533861974772263,0.0004895800871474421,2000.0,32000.0
