ZL,error,N
-0.11474295818199141,0.006200766491205069,2000.0
