O^z,error,N,total_data
0.03291016960931941,0.0002495459010102363,2000.0,64000.0
