ZL,error,N
-0.31123346755359416,0.007436956414202673,2000.0
