ZL,error,N
-0.28362509783919926,0.009077882421457783,2000.0
