ZL,error,N
-0.3246628673413171,0.005206649135954101,2000.0
