ZL,error,N
-0.30573761022529167,0.008403925404334357,2000.0
