O^z,error,N,total_data
0.12683943527264138,0.00043236663758872005,2000.0,64000.0
