O^z,error,N,total_data
0.14405815671429734,0.0004949254447653144,2000.0,48000.0
