O^z,error,N,total_data
0.05115347979460618,0.0003053183540471883,2000.0,64000.0
