O^z,error,N,total_data
0.09638968268059664,0.0005374690698577508,2000.0,32000.0
