O^z,error,Nseed,Nsample
0.06792078256833538,0.00038945575795560906,2000.0,48000.0
