O^z,error,Nseed,Nsample
0.15737567375063802,0.002364421115515682,2000.0,2000.0
