O^z,error,N,total_data
0.07994086357700647,0.0013603983354159679,2000.0,2000.0
