O^z,error,N,total_data
0.21764960027809796,0.00045444121061690687,2000.0,48000.0
