ZL,error,N
-0.6464289059551136,0.004826501962872121,2000.0
