ZL,error,N
-0.6106382321441637,0.004763546988023455,2000.0
