ZL,error,N
-0.4555091762568682,0.0037210292539089965,2000.0
