ZL,error,N
-0.551400626690336,0.004530624154802489,2000.0
