O^z,error,N,total_data
0.18842948185327002,0.0003726291274318513,2000.0,48000.0
