ZL,error,N
-0.37614706368387063,0.007232599052160013,2000.0
