O^z,error,N,total_data
0.20371911365209935,0.0004075156538480468,2000.0,32000.0
