ZL,error,N
-0.339147229563169,0.0031829317813845135,2000.0
