ZL,error,N
-0.3355923364792219,0.005253242050486263,2000.0
