ZL,error,N
-0.35358790433234416,0.006473181905491688,2000.0
