O^z,error,N,total_data
0.18002665354769842,0.002375893357298129,2000.0,2000.0
