O^z,error,N,total_data
0.12082019351486156,0.0005678212301401458,2000.0,32000.0
