O^z,error,N,total_data
0.02787928719277043,0.00022993722693267544,2000.0,64000.0
