O^z,error,N,total_data
0.06838792396004086,0.0004693823222935242,2000.0,32000.0
