O^z,error,N,total_data
0.1298223487553166,0.0022872994836845664,2000.0,2000.0
