ZL,error,N
-0.06763686635029853,0.00785632224743285,2000.0
