ZL,error,N
0.06673923015420948,0.008920657477169226,2000.0
