O^z,error,N,total_data
0.06710302345605486,0.0003939453088994571,2000.0,48000.0
