ZL,error,N
-0.17309289841136202,0.006030287283215648,2000.0
