ZL,error,N
0.0042865793565041764,0.008514583877337887,2000.0
