ZL,error,N
0.21001044191788498,0.007985646726520336,2000.0
