O^z,error,N,total_data
0.03182246763935932,0.0002427557769866192,2000.0,64000.0
