ZL,error,N
0.29565083806763803,0.007990052943249002,2000.0
