ZL,error,N
0.09168190602657303,0.007589220855898033,2000.0
