O^z,error,N,total_data
0.07562286277918989,0.0004687819581822777,2000.0,32000.0
