O^z,error,N,total_data
0.04726505206431806,0.0003292644279591825,2000.0,48000.0
