ZL,error,N
-0.08598346331247439,0.006165767241915702,2000.0
