O^z,error,N,total_data
0.06110348302363534,0.00033646179385760967,2000.0,64000.0
