ZL,error,N
-0.12969250807047347,0.0077736709427674335,2000.0
