O^z,error,N,total_data
0.07903974097550882,0.00041883488367271533,2000.0,48000.0
