O^z,error,N,total_data
0.10705082059193637,0.0005586555474579485,2000.0,32000.0
