ZL,error,N
-0.020358373983815715,0.008957693407911986,2000.0
