ZL,error,N
-0.07689604669773943,0.008515633185236411,2000.0
