O^z,error,N,total_data
0.17401122946373707,0.0020171223085240463,2000.0,2000.0
