ZL,error,N
-0.5502297683828217,0.002497614627534488,2000.0
