ZL,error,N
-0.8029711997358234,0.0019471473563610663,2000.0
