ZL,error,N
-0.6901331487697732,0.0025298346910872316,2000.0
