ZL,error,N
-0.7607611774239502,0.002235654394726791,2000.0
