ZL,error,N
-0.0009162827372607944,0.008615468531243592,2000.0
