ZL,error,N
-0.17380183884210318,0.006025316800715797,2000.0
