O^z,error,N,total_data
0.0968223749239827,0.0005390885376480892,2000.0,32000.0
