O^z,error,N,total_data
0.05179709793270522,0.00031138760305241903,2000.0,64000.0
