ZL,error,N
0.06515993349646518,0.008911701317534557,2000.0
