O^z,error,N,total_data
0.06854724169526785,0.0003999029816304808,2000.0,48000.0
