ZL,error,N
-0.0676465350774934,0.007915782603650856,2000.0
