ZL,error,N
-0.22739372210891448,0.005589113957946441,2000.0
