O^z,error,N,total_data
0.06263530888433605,0.0003326499881411054,2000.0,64000.0
