ZL,error,N
-0.08861356504342474,0.008411019570625334,2000.0
