ZL,error,N
-0.12068219767819979,0.007955843903470068,2000.0
