O^z,error,N,total_data
0.07822492562427578,0.00041129768401143595,2000.0,48000.0
