ZL,error,N
-0.16346359751497425,0.0073623529873977885,2000.0
