O^z,error,N,total_data
0.187621854242404,0.0021971221473574957,2000.0,2000.0
