O^z,error,N,total_data
0.1764306402330121,0.0007367355290631617,2000.0,2000.0
