ZL,error,N
0.048405930699121455,0.0030775997264201925,2000.0
