ZL,error,N
0.36424314428197185,0.0043214282850304545,2000.0
