ZL,error,N
0.23776696030090422,0.004057808241937426,2000.0
