ZL,error,N
-0.1762008799227596,0.001294953867444456,2000.0
