ZL,error,N
0.2866972650277346,0.007880104682705705,2000.0
