ZL,error,N
0.10469585246847415,0.00759231388073632,2000.0
