ZL,error,N
-0.05606239266351707,0.006322417741860451,2000.0
