ZL,error,N
0.2104758536497623,0.007808381012534962,2000.0
