O^z,error,N,total_data
0.013471351415543861,0.0003883164547781637,50.0,1600.0
