SOP,error,Nseed,Nsample
0.03807135724899448,0.00014215371383160234,2000.0,48000.0
