ZL,error,N
-0.44572356450004197,0.006144379194870311,2000.0
