ZL,error,N
-0.4773288490413464,0.00687654875061753,2000.0
