ZL,error,N
-0.493895667307977,0.007347914160548346,2000.0
