ZL,error,N
-0.3986310274805415,0.004445207325504475,2000.0
