O^z,error,N,total_data
0.22345829583176774,0.002175318047345253,2000.0,2000.0
