O^z,error,N,total_data
0.17082155074946725,0.0023720345897890074,2000.0,2000.0
