O^z,error,N,total_data
0.06556375080575935,0.00033971603598316886,2000.0,64000.0
