O^z,error,N,total_data
0.07492485841405935,0.00035678506116495746,2000.0,64000.0
