O^z,error,N,total_data
0.17959700661692732,0.0023650217311985524,2000.0,2000.0
