O^z,error,N,total_data
0.11412551275250113,0.0005552472528259022,2000.0,32000.0
