O^z,error,N,total_data
0.06876406397010523,0.00033402556141406313,2000.0,64000.0
