O^z,error,N,total_data
0.17534406595447988,0.0023621078064664336,2000.0,2000.0
