O^z,error,N,total_data
0.08469141231351951,0.00041625977091000173,2000.0,48000.0
