ZL,error,N
-0.3639799935151943,0.007621271047803256,2000.0
