ZL,error,N
-0.35205520870879153,0.006542743228684679,2000.0
