ZL,error,N
-0.351255222956137,0.0043141482075745915,2000.0
