ZL,error,N
-0.37669577424977524,0.008237213864880312,2000.0
