SOP,error,Nseed,Nsample
0.20650223251810795,0.000494398828917187,2000.0,2000.0
