O^z,error,N,total_data
0.2752963383653112,0.0011947763478456811,2000.0,2000.0
