O^z,error,N,total_data
0.24453186482776174,0.000304603718892982,2000.0,64000.0
