O^z,error,N,total_data
0.25356822666336454,0.0003945659801357754,2000.0,32000.0
