O^z,error,N,total_data
0.24780657258077776,0.00034296923987383785,2000.0,48000.0
