ZL,error,N
-0.11391105997490586,0.006256849523942752,2000.0
