ZL,error,N
0.02746956552046871,0.00782630874176753,2000.0
