ZL,error,N
0.1961637921108903,0.008424002352585135,2000.0
