ZL,error,N
0.1182748142131267,0.008378121022078935,2000.0
