O^z,error,N,total_data
0.03516806166851138,0.00025876638206182614,2000.0,64000.0
