O^z,error,N,total_data
0.05152199061134597,0.00034891494599161005,2000.0,48000.0
