ZL,error,N
-0.37547045787709427,0.007038228593346849,2000.0
