O^z,error,N,total_data
0.192472918876274,0.0005798433762532077,2000.0,32000.0
