ZL,error,N
-0.38950552857679754,0.008519931880610966,2000.0
