O^z,error,N,total_data
0.17157663550862898,0.0004991340286455036,2000.0,48000.0
