ZL,error,N
-0.36229802018740287,0.004891983414319629,2000.0
