ZL,error,N
-0.38346016445514375,0.008052478659751245,2000.0
