ZL,error,N
-0.21250699168161916,0.0048193055351808504,2000.0
