ZL,error,N
0.06857590795014916,0.008887782995566206,2000.0
