ZL,error,N
0.005729612984762711,0.008185861250972063,2000.0
