ZL,error,N
-0.0849826407420752,0.0071426606807350355,2000.0
