O^z,error,N,total_data
0.22395558085518275,0.002106712004672942,2000.0,2000.0
