O^z,error,N,total_data
0.1745801909296873,0.0005930515490566323,2000.0,32000.0
