ZL,error,N
-0.2069890838378943,0.006926113313935712,2000.0
