ZL,error,N
-0.24524552265885147,0.006225489918882444,2000.0
