ZL,error,N
-0.22322857187130096,0.006662450783502612,2000.0
