ZL,error,N
-0.2715639586791543,0.004965797428247427,2000.0
