O^z,error,N,total_data
0.25751522953928735,0.0012855209656436038,2000.0,2000.0
