O^z,error,N,total_data
0.21516203432588757,0.0003818007967982674,2000.0,48000.0
