O^z,error,N,total_data
0.22614848570189242,0.0004296562924852333,2000.0,32000.0
