O^z,error,N,total_data
0.20915357467043433,0.0003468327060577571,2000.0,64000.0
