O^z,error,N,total_data
0.1403986359279494,0.0022979814399362213,2000.0,2000.0
