O^z,error,N,total_data
0.04994750663547723,0.0003437341835748446,2000.0,48000.0
