ZL,error,N
0.09023654238967083,0.00845308592246566,2000.0
