ZL,error,N
0.16212894707845157,0.008666962672782906,2000.0
