ZL,error,N
-0.000305373895131422,0.007872279146674746,2000.0
