ZL,error,N
-0.13170383242130226,0.006204054716972873,2000.0
