O^z,error,N,total_data
0.03966480011055032,0.00027618490057297173,2000.0,64000.0
