O^z,error,N,total_data
0.15298806613423072,0.002348734896824599,2000.0,2000.0
