O^z,error,N,total_data
0.07348151777895066,0.00034750167789148416,2000.0,64000.0
