O^z,error,Nseed,Nsample
0.09007260721566272,0.0004338389049697071,2000.0,48000.0
