O^z,error,Nseed,Nsample
0.17819540147467935,0.0023818858194955854,2000.0,2000.0
