O^z,error,N,total_data
0.11801502135826895,0.000567459257058041,2000.0,32000.0
