O^z,error,N,total_data
0.14073137315404066,0.000411313543179952,2000.0,64000.0
