ZL,error,N
-0.310808559291764,0.004792474720298191,2000.0
