O^z,error,N,total_data
0.15518281376845391,0.0004650997144936563,2000.0,48000.0
