ZL,error,N
-0.255756278739466,0.008387512247636978,2000.0
