O^z,error,N,total_data
0.1785773996878331,0.0005390995430982749,2000.0,32000.0
