ZL,error,N
-0.27371868393229065,0.007177927145084348,2000.0
