ZL,error,N
-0.2431771995373452,0.009144617864730704,2000.0
