SOP,error,Nseed,Nsample
0.27484965377064374,0.00021679950498052064,2000.0,32000.0
