SOP,error,Nseed,Nsample
0.2839292740941638,0.0005058570228260595,2000.0,2000.0
