O^z,error,N,total_data
0.27507559289290096,0.0011954765569632112,50.0,1600.0
