ZL,error,N
0.08252665962518546,0.008726466693284342,2000.0
