O^z,error,N,total_data
0.06269167542295762,0.0003810416761992738,2000.0,48000.0
