ZL,error,N
-0.16398519961443514,0.006036666698574987,2000.0
