ZL,error,N
0.012113725239772341,0.008448955590955974,2000.0
