ZL,error,N
-0.0574173649225095,0.00779547319883904,2000.0
