O^z,error,N,total_data
0.09050668780488548,0.0005262156473647511,2000.0,32000.0
