O^z,error,N,total_data
0.18293470556847846,0.002330444724110178,2000.0,2000.0
