ZL,error,N
0.29047098227027474,0.007818755971248646,2000.0
