ZL,error,N
0.10262088872029695,0.007593406619581061,2000.0
