ZL,error,N
0.20841921890992954,0.007819644310462216,2000.0
