ZL,error,N
-0.05752234602221979,0.006324731604645395,2000.0
