O^z,error,N,total_data
0.1144562751761279,0.00041102987600499764,2000.0,64000.0
