ZL,error,N
-0.14584049900004717,0.009525536979303202,2000.0
