ZL,error,N
-0.2228441216184393,0.007664945960458122,2000.0
