ZL,error,N
-0.18078008615569743,0.008758351998932344,2000.0
