ZL,error,N
-0.28167077660179946,0.005293461403309818,2000.0
