O^z,error,N,total_data
0.1316945295096526,0.0004751345693358352,2000.0,48000.0
