O^z,error,N,total_data
0.10837751563695888,0.00036936110984047614,2000.0,32000.0
