O^z,error,N,total_data
0.05075915287275522,0.00023326415455385537,2000.0,64000.0
