O^z,error,N,total_data
0.18568248654977582,0.001247229176002824,2000.0,2000.0
