O^z,error,N,total_data
0.07078507613422923,0.00029103873280371005,2000.0,48000.0
