ZL,error,N
-0.05940221297173162,0.0063410307044504495,2000.0
