ZL,error,N
0.2925998649671921,0.007817021188566533,2000.0
