ZL,error,N
0.21148364638699774,0.007800011730464939,2000.0
