ZL,error,N
0.10475067136151063,0.0076057689666727876,2000.0
