ZL,error,N
-0.2732708060825255,0.0049132519478850304,2000.0
