ZL,error,N
-0.232541930714208,0.006557888184844576,2000.0
