ZL,error,N
-0.21432679820493222,0.006753147065404945,2000.0
