ZL,error,N
-0.2533955691255357,0.006158701761104933,2000.0
