O^z,error,N,total_data
0.1676939969618745,0.0023838046847327607,2000.0,2000.0
