O^z,error,N,total_data
0.10577389450720863,0.0005541356797526683,2000.0,32000.0
