O^z,error,N,total_data
0.061530771580839784,0.0003270740515366062,2000.0,64000.0
