O^z,error,N,total_data
0.07872082544541463,0.0004129801267472743,2000.0,48000.0
