ZL,error,N
0.011772491079334204,0.008471905565223328,2000.0
