ZL,error,N
-0.05920514206341659,0.00780459413347601,2000.0
