ZL,error,N
-0.16675870021805989,0.006052213036536685,2000.0
