ZL,error,N
0.0803788519395702,0.008707730148974663,2000.0
