O^z,error,N,total_data
0.09439457029320666,0.00039372849346670287,2000.0,64000.0
