ZL,error,N
-0.24486598678139587,0.008007653821649169,2000.0
