ZL,error,N
-0.26426343930560664,0.00723331410993884,2000.0
