O^z,error,N,total_data
0.1125879240785358,0.0004660546225337519,2000.0,48000.0
