O^z,error,N,total_data
0.1403423851674533,0.0005871494038337248,2000.0,32000.0
