ZL,error,N
-0.21652581576884053,0.008650150119995505,2000.0
