ZL,error,N
-0.28963346825481723,0.0052990945859933926,2000.0
