O^z,error,N,total_data
0.2880676864760259,0.0008104806421929683,2000.0,2000.0
