O^z,error,N,total_data
0.27175178368784875,0.000219978156731594,2000.0,64000.0
