O^z,error,N,total_data
0.2764384029135717,0.00028286330372367344,2000.0,32000.0
