O^z,error,N,total_data
0.274193550647615,0.0002463997602488955,2000.0,48000.0
