ZL,error,N
0.05613729612625674,0.007798062971059257,2000.0
