ZL,error,N
0.15504149452958563,0.008109422450054964,2000.0
