O^z,error,N,total_data
0.02902075437233592,0.00023644984153371225,2000.0,64000.0
