O^z,error,N,total_data
0.04368028356986659,0.0003218890387469945,2000.0,48000.0
