ZL,error,N
-0.09105280157234359,0.006276012776070332,2000.0
