ZL,error,N
0.2328126722060318,0.008163500442805793,2000.0
