ZL,error,N
-0.17152959274380156,0.002108622627651344,2000.0
