ZL,error,N
0.04714645544671271,0.003973346474873517,2000.0
