ZL,error,N
0.3344403627932401,0.0051121351627284395,2000.0
