ZL,error,N
0.2177806616664426,0.004747072701505458,2000.0
