O^z,error,N,total_data
0.05121647711115088,0.00034811262137433136,2000.0,48000.0
