O^z,error,N,total_data
0.1396088159998739,0.0023063277810029224,2000.0,2000.0
