O^z,error,N,total_data
0.03554713665091801,0.00025912886291747713,2000.0,64000.0
