SOP,error,Nseed,Nsample
0.17837563134601966,0.0004962653735836239,2000.0,2000.0
