SOP,error,Nseed,Nsample
0.08404874530214283,0.00019055948315771382,2000.0,32000.0
