ZL,error,N
-0.009330480511658088,0.00857892381784821,2000.0
