O^z,error,N,total_data
0.052651404722081775,0.0003085023596689131,2000.0,64000.0
