ZL,error,N
-0.11690739477758208,0.007567893508065575,2000.0
