O^z,error,N,total_data
0.06922419341233653,0.00039499439788390195,2000.0,48000.0
