ZL,error,N
-0.19743316066721975,0.005788842665583938,2000.0
