ZL,error,N
-0.062167453275903,0.00820241881540291,2000.0
