O^z,error,N,total_data
0.17852785231696627,0.002358788373495428,2000.0,2000.0
