ZL,error,N
-0.39615236231439976,0.0011738356695671288,2000.0
