ZL,error,N
-0.6261052363970391,0.002092553653858555,2000.0
