ZL,error,N
-0.5525060299618202,0.0022428377717628564,2000.0
