ZL,error,N
-0.47281906853396766,0.002082366230633985,2000.0
