ZL,error,N
-0.29170411707703003,0.004786207194159184,2000.0
