ZL,error,N
-0.2965436904944025,0.007157073611569664,2000.0
