ZL,error,N
-0.31718110518620524,0.0026728018463657247,2000.0
