ZL,error,N
-0.28605126572727496,0.0060241438658615925,2000.0
