ZL,error,N
0.02116237510359899,0.008873145309761667,2000.0
