ZL,error,N
-0.18728432233354364,0.00589145646113956,2000.0
