ZL,error,N
-0.0958964790189481,0.007790465592664253,2000.0
