ZL,error,N
-0.036470083640615276,0.008455339217048373,2000.0
