O^z,error,N,total_data
0.05311304246797644,0.0003147179714206987,2000.0,64000.0
