O^z,error,N,total_data
0.09801939176040518,0.000542618089911797,2000.0,32000.0
