O^z,error,Nseed,Nsample
0.168479107050542,0.0023811912071350135,2000.0,2000.0
