O^z,error,N,total_data
0.06152010960204776,0.00032909537151419534,2000.0,64000.0
