O^z,error,Nseed,Nsample
0.07977644328414754,0.0004199660893705228,2000.0,48000.0
