O^z,error,N,total_data
0.10708862072817045,0.0005561773320283528,2000.0,32000.0
