ZL,error,N
-0.1888534838240342,0.0059032703019879324,2000.0
