ZL,error,N
0.01979579121667449,0.008781606593418765,2000.0
