O^z,error,N,total_data
0.05314480022960625,0.0003130379851623858,2000.0,64000.0
