O^z,error,N,total_data
0.07124936927333421,0.0004027874192350669,2000.0,48000.0
