ZL,error,N
-0.09924531242712353,0.00781638142167789,2000.0
