ZL,error,N
-0.03946881491449476,0.008452951677824278,2000.0
