ZL,error,N
-0.11498344798192293,0.008170666139174231,2000.0
