O^z,error,N,total_data
0.10806311204641054,0.0005586006954420198,2000.0,32000.0
