ZL,error,N
-0.07328858488793279,0.008595853780597556,2000.0
