ZL,error,Nseed,Nsample
-0.22630843986495974,0.005632478947767876,2000.0,2000.0
