ZL,error,N
-0.16053649242929682,0.00743318126456586,2000.0
