O^z,error,N,total_data
0.18567988703460994,0.0002325783129237382,2000.0,64000.0
