O^z,error,N,total_data
0.19147055206771815,0.00024200740540979038,2000.0,48000.0
