O^z,error,N,total_data
0.20589172643284762,0.0002418502998277978,2000.0,32000.0
