O^z,error,N,total_data
0.24413755787811034,0.0004813762074640001,2000.0,2000.0
