ZL,error,N
-0.22533187661129844,0.0055972218464867786,2000.0
