O^z,error,N,total_data
0.07704382697548079,0.000412600166755012,2000.0,48000.0
