ZL,error,N
-0.15972373251505245,0.007346651773555561,2000.0
