ZL,error,N
-0.08021806577012894,0.008373222516460877,2000.0
