O^z,error,N,total_data
0.10519534243940927,0.0005550370468258278,2000.0,32000.0
