ZL,error,N
-0.11814802577247809,0.008018213923247043,2000.0
