O^z,error,N,total_data
0.049626471124245154,0.00034383574065779987,2000.0,48000.0
