O^z,error,N,total_data
0.13693019398077125,0.002309706865349224,2000.0,2000.0
