O^z,error,N,total_data
0.17684294569251446,0.002384896278011515,2000.0,2000.0
