O^z,error,N,total_data
0.08848201102569482,0.0004291771318300791,2000.0,48000.0
