ZL,error,N
0.2539710989439734,0.007303619509453011,2000.0
