ZL,error,N
0.028637639434228604,0.006092694267020094,2000.0
