ZL,error,N
-0.1616554786459956,0.004098073055073875,2000.0
