ZL,error,N
0.15943249165448392,0.006920626835325641,2000.0
