O^z,error,N,total_data
0.32628430512592566,0.0008937704037023468,2000.0,2000.0
