O^z,error,N,total_data
0.1850418735425603,0.002361264036641879,2000.0,2000.0
