O^z,error,N,total_data
0.07944658165685228,0.00036053420879122734,2000.0,64000.0
