O^z,error,N,total_data
0.1446144174434875,0.0023278570802512965,2000.0,2000.0
