O^z,error,N,total_data
0.08221669233014664,0.0005070366383167037,2000.0,32000.0
