O^z,error,N,total_data
0.07758656593022939,0.00035924943344847244,2000.0,64000.0
