O^z,error,N,total_data
0.18217021265871128,0.0023595529993415015,2000.0,2000.0
