O^z,error,N,total_data
0.12275784767648312,0.0005729766182914332,2000.0,32000.0
