O^z,error,N,total_data
0.09507337113145935,0.00044184452804222826,2000.0,48000.0
