O^z,error,N,total_data
0.3278172251626737,0.0009387709265953469,2000.0,2000.0
