O^z,error,N,total_data
0.08692174325765797,0.0005186229901724349,2000.0,32000.0
