ZL,error,N
0.043221646888739584,0.00842810023049694,2000.0
