ZL,error,N
0.10754503369768276,0.008679864097627225,2000.0
