ZL,error,N
-0.03507902427800311,0.007835176861846536,2000.0
