ZL,error,N
-0.15253862056655806,0.006108858582264073,2000.0
