O^z,error,Nseed,Nsample
0.15345845695964017,0.002361161186085244,2000.0,2000.0
