O^z,error,Nseed,Nsample
0.06330110329420602,0.0003787005561349317,2000.0,48000.0
