O^z,error,N,total_data
0.09155889550205754,0.0005323934574136909,2000.0,32000.0
