O^z,error,N,total_data
0.04728116209522058,0.0002949984112046895,2000.0,64000.0
