O^z,error,N,total_data
0.08060337971846263,0.0005040794064641139,2000.0,32000.0
