O^z,error,N,total_data
0.14244433689927305,0.0023252609446374633,2000.0,2000.0
