O^z,error,Nseed,Nsample
0.07704382697548075,0.0004126001667550121,2000.0,48000.0
