O^z,error,N,total_data
0.06052706173372105,0.00032543780956336446,2000.0,64000.0
