O^z,error,Nseed,Nsample
0.16710480492045116,0.0023744628948993026,2000.0,2000.0
