ZL,error,N
-0.03310353328592398,0.008224231917394109,2000.0
