O^z,error,N,total_data
0.04833350552790457,0.00029759478833219963,2000.0,64000.0
