ZL,error,N
-0.0940277963491294,0.00760718598330767,2000.0
