O^z,error,N,total_data
0.09261008703307302,0.0005335366847793895,2000.0,32000.0
