ZL,error,N
0.020436808606125127,0.00854556461646196,2000.0
