O^z,error,N,total_data
0.0644687565678106,0.0003845577247548905,2000.0,48000.0
