ZL,error,N
-0.1838724588551998,0.005888615022227764,2000.0
