ZL,error,N
-0.15845727134298135,0.007207419323789924,2000.0
