ZL,error,N
-0.11988102613417163,0.0077959364152281035,2000.0
