ZL,error,N
-0.0799598259004867,0.00824701669710458,2000.0
