ZL,error,N
-0.2240529594550075,0.00552387258526338,2000.0
