O^z,error,N,total_data
0.12681070427312743,0.00226983624602761,2000.0,2000.0
