O^z,error,N,total_data
0.09349476980249162,0.0005324525605013063,2000.0,32000.0
