O^z,error,N,total_data
0.048809811466137165,0.00029840849096764204,2000.0,64000.0
