O^z,error,Nseed,Nsample
0.15435241296501886,0.0023523555998332655,2000.0,2000.0
