O^z,error,Nseed,Nsample
0.06469649675944537,0.0003841464254206222,2000.0,48000.0
