ZL,error,N
-0.1128200245153971,0.007641203623896263,2000.0
