ZL,error,N
-0.19712765637119647,0.005842807037341547,2000.0
