ZL,error,N
-0.0559415715543757,0.008361676242467527,2000.0
