ZL,error,N
0.0016179626707731832,0.008757263808813488,2000.0
