ZL,error,N
0.15753733551480076,0.00724457261771257,2000.0
