ZL,error,N
0.244508787581083,0.007580676263401613,2000.0
