ZL,error,N
0.03066223441390149,0.0064232865714813,2000.0
