ZL,error,N
-0.15765499667313884,0.004524741824933727,2000.0
