O^z,error,Nseed,Nsample
0.09851869640921485,0.00044633907597605045,2000.0,48000.0
