O^z,error,Nseed,Nsample
0.18486017001395016,0.0023696853825997673,2000.0,2000.0
