O^z,error,Nseed,Nsample
0.03269056129774384,0.0002492626812559205,2000.0,64000.0
