O^z,error,N,total_data
0.1372183062513213,0.002297995433914593,2000.0,2000.0
