O^z,error,Nseed,Nsample
0.0488427814556134,0.00033945562102865646,2000.0,48000.0
