O^z,error,Nseed,Nsample
0.07464733889907003,0.00048491741553345776,2000.0,32000.0
