O^z,error,N,total_data
0.0975228167107344,0.0005388312755349748,2000.0,32000.0
