O^z,error,Nseed,Nsample
0.06922419341233657,0.00039499439788390184,2000.0,48000.0
