O^z,error,Nseed,Nsample
0.15879345433754313,0.002359564229861556,2000.0,2000.0
