O^z,error,N,total_data
0.20448834554367853,0.000480907222247166,2000.0,48000.0
