O^z,error,N,total_data
0.1949536175904485,0.00042849883553814624,2000.0,64000.0
