O^z,error,N,total_data
0.25609975895957443,0.0018634354797538168,2000.0,2000.0
