O^z,error,N,total_data
0.1629158739253449,0.0023645783644360677,2000.0,2000.0
