O^z,error,N,total_data
0.10177494740300139,0.0005504010662213521,2000.0,32000.0
