O^z,error,N,total_data
0.07283189186205617,0.00040730119348831423,2000.0,48000.0
