O^z,error,N,total_data
0.19218347012943054,0.0022790379321704743,2000.0,2000.0
