O^z,error,Nseed,Nsample
0.09041521729418996,0.0004344173264105954,2000.0,48000.0
