O^z,error,Nseed,Nsample
0.1792549721551227,0.002374413858296543,2000.0,2000.0
