O^z,error,N,total_data
0.11934762954879882,0.0005697315515001325,2000.0,32000.0
