ZL,error,Nseed,Nsample
-0.2681805969751267,0.005189915611896972,2000.0,2000.0
