ZL,error,N
-0.23958746579078247,0.006772364680331804,2000.0
