ZL,error,N
-0.19178702287302982,0.007793110037012276,2000.0
