ZL,error,N
-0.21646212474804485,0.007343905596679079,2000.0
