O^z,error,Nseed,Nsample
0.1574118993996421,0.0023590575373203205,2000.0,2000.0
