O^z,error,N,total_data
0.05156636876087622,0.000306914454091815,2000.0,64000.0
