O^z,error,N,total_data
0.09655133115167955,0.0005363530752669201,2000.0,32000.0
