O^z,error,Nseed,Nsample
0.06825014259617529,0.0003941068774533432,2000.0,48000.0
