ZL,error,N
-0.001521156301623441,0.008603366763240337,2000.0
