ZL,error,N
-0.17628095759130186,0.0060254389305413325,2000.0
