ZL,error,N
0.062089655104172976,0.008883416114680128,2000.0
