O^z,error,N,total_data
0.05223658456056482,0.0003131714332893493,2000.0,64000.0
