O^z,error,N,total_data
0.09816791812276843,0.0005417210766960229,2000.0,32000.0
