ZL,error,N
-0.07196005148617478,0.007915651834832583,2000.0
