ZL,error,N
-0.07094480986584312,0.006305105802005449,2000.0
