ZL,error,N
0.18075114981117482,0.00796158062556866,2000.0
