ZL,error,N
0.08488062024804992,0.007647473829136854,2000.0
