ZL,error,N
0.2595597132923546,0.007966590450985557,2000.0
