O^z,error,N,total_data
0.08312076074715609,0.0018542246578635518,2000.0,2000.0
