ZL,error,N
-0.33849152061956184,0.008138859387408479,2000.0
