O^z,error,N,total_data
0.13531573107783923,0.0004311522457359071,2000.0,64000.0
