ZL,error,N
-0.33751528017257987,0.0072423407943423114,2000.0
