ZL,error,N
-0.3288358465495545,0.00871899657931146,2000.0
