O^z,error,N,total_data
0.15135088092534474,0.000495392908746368,2000.0,48000.0
