ZL,error,N
-0.3393145937888323,0.005075179084540157,2000.0
