O^z,error,N,total_data
0.12724482930918482,0.0003449468851729435,2000.0,32000.0
