O^z,error,N,total_data
0.20077882436273742,0.0010075607891938956,2000.0,2000.0
