O^z,error,N,total_data
0.06969194084430362,0.00025494901414404984,2000.0,64000.0
