O^z,error,N,total_data
0.09138323693091065,0.0002988076160376116,2000.0,48000.0
