O^z,error,N,total_data
0.12783751571491908,0.00048626923841137783,2000.0,48000.0
