O^z,error,N,total_data
0.20977491363178843,0.002166440723222512,2000.0,2000.0
