O^z,error,N,total_data
0.11034720031637003,0.00041780072519212534,2000.0,64000.0
