O^z,error,N,total_data
0.12271623416823083,0.00040005320834434133,2000.0,64000.0
