ZL,error,N
-0.2845459421791473,0.004891872883218018,2000.0
