ZL,error,N
-0.22472637519227745,0.007327381975819986,2000.0
