ZL,error,N
-0.18807661160295186,0.008512466942893964,2000.0
