ZL,error,N
-0.1556882410010854,0.009298706746742772,2000.0
