O^z,error,N,total_data
0.16554094973618774,0.0005369256336139515,2000.0,32000.0
