O^z,error,N,total_data
0.35106827371457655,0.0020544936380867797,60.0,60.0
