O^z,error,N,total_data
0.34001136425433404,0.0008805934972119456,60.0,960.0
