O^z,error,N,total_data
0.172741647659516,0.0005786249285743329,2000.0,32000.0
