ZL,error,N
-0.4048051931127784,0.005691817355606757,2000.0
