O^z,error,N,total_data
0.13393033242463284,0.0004175544091280405,2000.0,64000.0
