ZL,error,N
-0.36416357456296794,0.004488588806880598,2000.0
