ZL,error,N
-0.4292403667943708,0.006064378904338536,2000.0
