O^z,error,N,total_data
0.14916116202220955,0.0004719199969302466,2000.0,48000.0
