ZL,error,N
-0.4367473592813202,0.006605614240137437,2000.0
