ZL,error,Nseed,Nsample
-0.25542125014069855,0.005340878851038999,2000.0,2000.0
