ZL,error,N
-0.21474567252986443,0.007005235942513984,2000.0
