ZL,error,N
-0.16009287512309936,0.008068314519058565,2000.0
