ZL,error,N
-0.18212375357558067,0.007639960624117363,2000.0
