O^z,error,N,total_data
0.3331932094329437,0.0001961840227836168,2000.0,32000.0
