ZL,error,N
-0.6102494112482229,0.001155698440193908,2000.0
