O^z,error,N,total_data
0.3247545670540782,0.00015742386271373233,2000.0,64000.0
