ZL,error,N
-0.8494545195574322,0.0004263496246261584,2000.0
