O^z,error,N,total_data
0.3281689486163984,0.00017528135311976854,2000.0,48000.0
