ZL,error,N
-0.8154948070844121,0.0005656117697614594,2000.0
