ZL,error,N
-0.7536948634531976,0.0008884115831545119,2000.0
