O^z,error,N,total_data
0.1935372321815648,0.0021097318620085493,2000.0,2000.0
