O^z,error,N,total_data
0.28857169383039455,0.0015003178720784552,2000.0,2000.0
