O^z,error,N,total_data
0.17865839033526842,0.000489965612022474,2000.0,48000.0
