ZL,error,N
-0.46748299013498434,0.007577622675981915,2000.0
