O^z,error,N,total_data
0.19758119268366428,0.0005758197485330233,2000.0,32000.0
