ZL,error,N
-0.38871182296650314,0.004599086533441374,2000.0
