ZL,error,N
-0.42609094471442993,0.0063901567576068775,2000.0
