ZL,error,N
-0.4551408873287594,0.0070812168280372624,2000.0
