ZL,error,N
-0.19949778342870544,0.008617235649572216,2000.0
