ZL,error,N
-0.24595209675557633,0.00615321478141259,2000.0
