ZL,error,N
-0.2952382433145449,0.0038365392945042534,2000.0
