ZL,error,N
-0.21949033662263953,0.007594358800912268,2000.0
