ZL,error,N
-0.48025510072634503,0.007020257416469921,2000.0
