ZL,error,N
-0.5041257928479369,0.0074978555139891545,2000.0
