O^z,error,N,total_data
0.19369700782257945,0.0004235086562452378,2000.0,64000.0
