ZL,error,N
-0.4442654007928696,0.006370374043132516,2000.0
