O^z,error,N,total_data
0.21878737772250353,0.0005416181106835516,2000.0,32000.0
