O^z,error,N,total_data
0.20321749599463845,0.0004709261555071031,2000.0,48000.0
