ZL,error,N
-0.4025468152831139,0.004444374221611657,2000.0
