O^z,error,N,total_data
0.1791042567533469,0.0005856183205511091,2000.0,32000.0
