O^z,error,N,total_data
0.15615060012541426,0.0004915942382470184,2000.0,48000.0
