ZL,error,N
-0.40649684678946213,0.007203121761358081,2000.0
