O^z,error,N,total_data
0.14297181927797387,0.0004290052336875309,2000.0,64000.0
