ZL,error,N
-0.3906413192113513,0.006417028755026872,2000.0
