ZL,error,N
-0.41505347079466137,0.007628616001592019,2000.0
