ZL,error,N
-0.3664602875602563,0.004669496367808413,2000.0
