O^z,error,Nseed,Nsample
0.07947321627521708,0.0004984127132872322,2000.0,32000.0
