O^z,error,Nseed,Nsample
0.052325024627495234,0.00035142222960280075,2000.0,48000.0
