O^z,error,Nseed,Nsample
0.037362679024703575,0.0002680198721051615,2000.0,64000.0
