O^z,error,N,total_data
0.1414821302281891,0.0023089698165668373,2000.0,2000.0
