O^z,error,N,total_data
0.030323263755354508,0.0002398958184596584,2000.0,64000.0
