ZL,error,N
0.1544194239341,0.008149586341875579,2000.0
