ZL,error,N
0.23358269120739228,0.008207971780253773,2000.0
