ZL,error,N
0.054499526894319576,0.00780025138225727,2000.0
