O^z,error,N,total_data
0.0720696700642016,0.00047719672278643177,2000.0,32000.0
