O^z,error,N,total_data
0.04500906128827064,0.0003300026554330355,2000.0,48000.0
