O^z,error,N,total_data
0.13588772154776874,0.0005857264447385842,2000.0,32000.0
