ZL,error,N
-0.185814997395447,0.008688367986028437,2000.0
