O^z,error,N,total_data
0.08888104404532478,0.00038779031311355125,2000.0,64000.0
