ZL,error,N
-0.2799920446554242,0.005356777028614922,2000.0
