ZL,error,N
-0.22243780207339195,0.00816987563382582,2000.0
