ZL,error,N
-0.24530123807881346,0.007336109376796174,2000.0
