O^z,error,N,total_data
0.10887255539156053,0.000460757387246414,2000.0,48000.0
