ZL,error,N
0.10488119627870465,0.0076054797262477564,2000.0
