ZL,error,N
-0.05823384664076918,0.006330767192748971,2000.0
