ZL,error,N
0.2097000046955653,0.007815991652048613,2000.0
