ZL,error,N
0.2958921591324757,0.007794432142062204,2000.0
