ZL,error,N
-0.2528144312015289,0.005278072039111207,2000.0
