ZL,error,N
-0.2126891157892857,0.006885209525602895,2000.0
