ZL,error,N
-0.18455069408345598,0.00744223269748961,2000.0
