ZL,error,N
-0.15648030444896383,0.007879027590013028,2000.0
