ZL,error,N
-0.28007482782678883,0.007340887888552583,2000.0
