ZL,error,N
-0.2618807599374748,0.008301805016366829,2000.0
