ZL,error,N
-0.23719020394718787,0.00897899239932969,2000.0
