O^z,error,N,total_data
0.15187548510570265,0.0005897874241812857,2000.0,32000.0
