ZL,error,N
-0.30277020417548545,0.005290932483637656,2000.0
