O^z,error,N,total_data
0.1684569015945913,0.002364443240076875,2000.0,2000.0
