O^z,error,N,total_data
0.06278567279574841,0.00033469902066192523,2000.0,64000.0
