O^z,error,N,total_data
0.07985574677958036,0.0004184698569675461,2000.0,48000.0
