ZL,error,N
-0.10399173041167113,0.007883702980455248,2000.0
