ZL,error,N
-0.21069925752231614,0.005584697448094677,2000.0
