ZL,error,N
-0.1428187591594971,0.00729236010566087,2000.0
