ZL,error,N
-0.060706717734031884,0.008227885065378781,2000.0
