O^z,error,N,total_data
0.16508300068504206,0.0021226430783058492,2000.0,2000.0
