O^z,error,Nseed,Nsample
0.1762672359216317,0.0023926660427658463,2000.0,2000.0
