O^z,error,Nseed,Nsample
0.08805805815128824,0.000432143969454412,2000.0,48000.0
