O^z,error,N,total_data
0.11643036915759934,0.0005675836296438386,2000.0,32000.0
