O^z,error,N,total_data
0.07176458009164043,0.00034292031793010713,2000.0,64000.0
