ZL,error,N
0.5033468460201104,0.006117870989735271,2000.0
