ZL,error,N
0.31069773717438864,0.006582839758924703,2000.0
