O^z,error,N,total_data
0.026272761566840566,0.0002921582082868908,2000.0,32000.0
