O^z,error,N,total_data
0.0056066458176095265,9.537429891873398e-05,2000.0,64000.0
