ZL,error,N
0.4270477569324879,0.006284289275963984,2000.0
