ZL,error,N
0.09965180011582314,0.006271169295859069,2000.0
