O^z,error,N,total_data
0.011812210985089389,0.0001613060548787912,2000.0,48000.0
