ZL,error,N
-0.007269187832823216,0.00782554900978982,2000.0
