O^z,error,N,total_data
0.07956892986317615,0.0005051890790393152,2000.0,32000.0
