ZL,error,N
0.07796664373010948,0.008323121516403796,2000.0
