ZL,error,N
0.14459590341534115,0.008510225015751667,2000.0
