O^z,error,N,total_data
0.051691788986049016,0.0003492881612302053,2000.0,48000.0
