ZL,error,N
-0.13240287912764354,0.0061517389315357785,2000.0
