O^z,error,N,total_data
0.037237921742945684,0.00026376846585732185,2000.0,64000.0
