ZL,error,N
0.21000252777026557,0.00781809363780933,2000.0
