O^z,error,N,total_data
0.021996691957809515,0.00020252130155154038,2000.0,64000.0
