ZL,error,N
0.2861664827743207,0.007826793024583122,2000.0
