ZL,error,N
0.10381802125202362,0.007609491991257093,2000.0
