O^z,error,N,total_data
0.060254814577110904,0.0004417923698261448,2000.0,32000.0
