ZL,error,N
-0.05604595906297932,0.006334376667906598,2000.0
