O^z,error,N,total_data
0.034949007097800085,0.0002906299072783005,2000.0,48000.0
