ZL,error,N
-0.2895026734641594,0.0051285141514506236,2000.0
