O^z,error,N,total_data
0.10388270008864832,0.000453346035858591,2000.0,48000.0
