O^z,error,N,total_data
0.08759475736922764,0.000372191089208415,2000.0,64000.0
