ZL,error,N
-0.23566074111537083,0.00784995184197449,2000.0
