ZL,error,N
-0.2513816332218911,0.007463800985561518,2000.0
