O^z,error,N,total_data
0.132749991261545,0.0005793224777672135,2000.0,32000.0
