ZL,error,N
-0.27088396337967047,0.006761278506344657,2000.0
