ZL,error,N
-0.1233923745807141,0.0075929678241138145,2000.0
