ZL,error,N
-0.010752651323503849,0.008681846076929369,2000.0
