O^z,error,N,total_data
0.10039756391158661,0.0005451231722988525,2000.0,32000.0
