ZL,error,N
-0.06611626272375544,0.008240534784854717,2000.0
