ZL,error,Nseed,Nsample
-0.20182688405374,0.005798744082472241,2000.0,2000.0
