ZL,error,Nseed,Nsample
-0.1899450970868337,0.005880729628303994,2000.0,2000.0
