ZL,error,N
-0.04386343594923641,0.008283401444960198,2000.0
