O^z,error,N,total_data
0.06813863188498052,0.0003949069707705223,2000.0,48000.0
