O^z,error,N,total_data
0.05120908876324934,0.0003088565847192102,2000.0,64000.0
