ZL,error,N
0.010934415083421077,0.008702723957644943,2000.0
