ZL,error,N
-0.10465916760166503,0.007716251882208461,2000.0
