O^z,error,N,total_data
0.18096916230240362,0.002349673021525613,2000.0,2000.0
