O^z,error,Nseed,Nsample
0.059112615419510794,0.00033050673981120416,2000.0,64000.0
