O^z,error,Nseed,Nsample
0.07610945994661297,0.00041236459472598745,2000.0,48000.0
