O^z,error,N,total_data
0.16520389577452105,0.0023333821752900673,2000.0,2000.0
