O^z,error,Nseed,Nsample
0.10371214804110197,0.0005494799962197744,2000.0,32000.0
