ZL,error,N
0.3365488191795204,0.003327051600230695,2000.0
