ZL,error,N
-0.13390499387387972,0.0012902602823504708,2000.0
