ZL,error,N
0.13379028839363521,0.0028470326961807756,2000.0
