ZL,error,N
0.45646644834934563,0.0032312400258175406,2000.0
