O^z,error,N,total_data
0.15496981203909038,0.0023464168503322816,2000.0,2000.0
