O^z,error,N,total_data
0.049031874360791504,0.00030086230269190815,2000.0,64000.0
