O^z,error,N,total_data
0.06524218919729831,0.00039098091091795145,2000.0,48000.0
