ZL,error,N
-0.18630759089783944,0.005965478816233968,2000.0
