O^z,error,N,total_data
0.05515035661902002,0.00032273939264633006,2000.0,64000.0
