O^z,error,N,total_data
0.07226296662801182,0.000406782352323152,2000.0,48000.0
