ZL,error,N
0.03412485510846546,0.0090133005105306,2000.0
