ZL,error,N
-0.026358118392419153,0.008578019267107361,2000.0
