ZL,error,N
-0.09069534560899194,0.007874596768906818,2000.0
