O^z,error,N,total_data
0.04786550997030164,0.00029557311920301,2000.0,64000.0
