O^z,error,N,total_data
0.09209154395849597,0.0005309306230470734,2000.0,32000.0
