O^z,error,Nseed,Nsample
0.15303904573777868,0.002353755597121583,2000.0,2000.0
