O^z,error,Nseed,Nsample
0.06451442711802016,0.00038255256328908403,2000.0,48000.0
