O^z,error,N,total_data
0.14178033459796643,0.0023286790840344744,2000.0,2000.0
