O^z,error,N,total_data
0.18237059526963187,0.0002904130803612729,2000.0,48000.0
