ZL,error,N
-0.3063717795588628,0.0036538753393116595,2000.0
