O^z,error,N,total_data
0.19821584538440878,0.0002970749995468832,2000.0,32000.0
