ZL,error,N
-0.3475281431357811,0.00578253011861899,2000.0
