O^z,error,N,total_data
0.17623052525999924,0.0002751997487017102,2000.0,64000.0
