ZL,error,N
-0.3178678528452137,0.004946583080438928,2000.0
