ZL,error,N
-0.32420471834028053,0.0019094192112834734,2000.0
