O^z,error,N,total_data
0.06830214343913388,0.0003331832924913278,2000.0,64000.0
