O^z,error,N,total_data
0.1746540557505153,0.0023669802607016862,2000.0,2000.0
