O^z,error,N,total_data
0.11331493745413461,0.0005541906861814385,2000.0,32000.0
