O^z,error,N,total_data
0.08445454803458263,0.0004160679331729244,2000.0,48000.0
