O^z,error,N,total_data
0.16257859654388074,0.0023606598984257745,2000.0,2000.0
