O^z,error,N,total_data
0.05563478479002791,0.0003193143087119533,2000.0,64000.0
