O^z,error,N,total_data
0.1357039362428277,0.0004936473625355871,2000.0,48000.0
