O^z,error,N,total_data
0.2150296621158145,0.002143443825468627,2000.0,2000.0
