O^z,error,N,total_data
0.16117874764705428,0.0005965049566653692,2000.0,32000.0
