O^z,error,N,total_data
0.05723296536461732,0.00032081541227609283,2000.0,64000.0
