O^z,error,N,total_data
0.1018980215193847,0.00055064977712997,2000.0,32000.0
