O^z,error,Nseed,Nsample
0.07386869112639471,0.0004067912621975974,2000.0,48000.0
