O^z,error,Nseed,Nsample
0.16246836463896583,0.002354942811788016,2000.0,2000.0
