O^z,error,N,total_data
0.11314231340960133,0.0005620426713738028,2000.0,32000.0
