O^z,error,N,total_data
0.17389988136072534,0.002391394078135451,2000.0,2000.0
