O^z,error,N,total_data
0.0842217366150629,0.0004221121612940544,2000.0,48000.0
