O^z,error,N,total_data
0.06746566794351071,0.00033964452798656945,2000.0,64000.0
