O^z,error,N,total_data
0.15295099094747128,0.0023416139409148558,2000.0,2000.0
