O^z,error,N,total_data
0.045838863729138896,0.00029302562066216124,2000.0,64000.0
