O^z,error,N,total_data
0.06572140333556141,0.0003345157507002351,2000.0,64000.0
