O^z,error,Nseed,Nsample
0.17249097415145537,0.0023963536201218436,2000.0,2000.0
