O^z,error,N,total_data
0.11160168916821024,0.0005617763947345218,2000.0,32000.0
