O^z,error,Nseed,Nsample
0.08292433743282109,0.00042400028377104524,2000.0,48000.0
