O^z,error,N,total_data
0.10221038884695545,0.0004497215460701804,2000.0,48000.0
