O^z,error,N,total_data
0.1882149427402533,0.002345400538229872,2000.0,2000.0
