O^z,error,N,total_data
0.0734949911012416,0.00040955262959671237,2000.0,48000.0
