ZL,error,N
-0.060731638753419054,0.00842868676050426,2000.0
