ZL,error,N
-0.19931031716340586,0.005831721487356671,2000.0
