O^z,error,N,total_data
0.10161677801251384,0.0005474195592424042,2000.0,32000.0
