ZL,error,N
-0.00513745015349673,0.008778385888137789,2000.0
