ZL,error,N
-0.11549366852089381,0.007682624593457949,2000.0
