ZL,error,N
-0.2587839475768761,0.005212361700056678,2000.0
