ZL,error,N
-0.22445476651027585,0.0067703169009438275,2000.0
