ZL,error,N
-0.17510855209296597,0.007703477687518865,2000.0
