ZL,error,N
-0.20000267803461994,0.007276842529028915,2000.0
