O^z,error,N,total_data
0.0771718041888599,0.0004108275127438737,2000.0,48000.0
