O^z,error,N,total_data
0.10519174311062426,0.000550550788621806,2000.0,32000.0
