O^z,error,N,total_data
0.1666659726026094,0.0023784427523002426,2000.0,2000.0
