O^z,error,N,total_data
0.06057931946340113,0.00032330576153468646,2000.0,64000.0
