O^z,error,N,total_data
0.08090409026456204,0.0003822301293836008,2000.0,48000.0
