O^z,error,N,total_data
0.1131649033650222,0.0004862136529879814,2000.0,32000.0
