O^z,error,N,total_data
0.1820546956380236,0.0018469477539901013,2000.0,2000.0
