SOP,error,Nseed,Nsample
0.05821251671560293,0.0001860450520937137,2000.0,48000.0
