O^z,error,N,total_data
0.009705660586057027,0.00013142066993302638,2000.0,48000.0
