O^z,error,N,total_data
0.025418547679253455,0.0002607484880241931,2000.0,32000.0
