O^z,error,N,total_data
0.08430925816654974,0.0017689264571926339,2000.0,2000.0
