ZL,error,N
-0.030083473644771125,0.00864453094884261,2000.0
