ZL,error,N
-0.09564950431006951,0.007889700212133107,2000.0
