ZL,error,N
-0.19189731611881194,0.005957202000456542,2000.0
