ZL,error,N
0.024688814926297122,0.009056229529321459,2000.0
