O^z,error,N,total_data
0.1028034634859525,0.0005479158953352106,2000.0,32000.0
