ZL,error,N
-0.1962940734798851,0.005510897553962447,2000.0
