ZL,error,N
-0.2948327833743954,0.001227269605618125,2000.0
