ZL,error,N
-0.21125655047182917,0.004298267365113854,2000.0
