ZL,error,N
-0.24018981430651354,0.002910720214882132,2000.0
