ZL,error,Nseed,Nsample
-0.17555283124783747,0.0059033260261399986,2000.0,2000.0
