ZL,error,N
-0.08659659220083805,0.007562734108161246,2000.0
