ZL,error,N
-0.023721610581975618,0.008108889252498572,2000.0
