ZL,error,N
0.026893685613883913,0.00847440306994363,2000.0
