ZL,error,N
0.19850245567415123,0.00838018823007391,2000.0
