ZL,error,N
-0.11225591164256468,0.006256751455491974,2000.0
