ZL,error,N
0.12320076279802919,0.008341570578703515,2000.0
