ZL,error,N
0.02819652982666538,0.007878901262523986,2000.0
