O^z,error,N,total_data
0.034190512381764085,0.00025455455858923166,2000.0,64000.0
