O^z,error,N,total_data
0.07729529564791794,0.0004925409545511558,2000.0,32000.0
