O^z,error,N,total_data
0.13423378511351,0.0004413237740871705,2000.0,48000.0
