O^z,error,N,total_data
0.21660945084835206,0.0017053716316595261,2000.0,2000.0
