O^z,error,N,total_data
0.11795514242370958,0.0003861208260176966,2000.0,64000.0
