O^z,error,N,total_data
0.16051203599655642,0.0005116916862785277,2000.0,32000.0
