O^z,error,N,total_data
0.04688436497724883,0.00029837541489495067,2000.0,64000.0
