ZL,error,N
0.03343460592733221,0.008497862148946394,2000.0
