ZL,error,N
-0.040806108930650314,0.00786450246368415,2000.0
