ZL,error,N
0.10026870952912963,0.008863680659431047,2000.0
