ZL,error,N
-0.15772585360333521,0.006085028323104035,2000.0
