O^z,error,N,total_data
0.15195401257551552,0.0003027957699351822,2000.0,32000.0
