ZL,error,N
-0.2507884746408236,0.002048589482034578,2000.0
