ZL,error,N
-0.0378683900709074,0.005605588789882111,2000.0
