ZL,error,N
0.026807055309618362,0.006832599869899471,2000.0
