ZL,error,N
-0.13275880768359924,0.004134185241651418,2000.0
