O^z,error,N,total_data
0.11793019305824126,0.00028339297178026215,2000.0,48000.0
