O^z,error,N,total_data
0.18705120143696358,0.0005829067713180289,2000.0,32000.0
