O^z,error,N,total_data
0.23295523304112853,0.0020532510297035936,2000.0,2000.0
