O^z,error,N,total_data
0.05690539182537266,0.0003669122338997222,2000.0,48000.0
