O^z,error,N,total_data
0.04190514409721874,0.00027997479577641124,2000.0,64000.0
