O^z,error,N,total_data
0.08481565822571666,0.0005140098948511839,2000.0,32000.0
