ZL,error,N
-0.017295761433478295,0.00786940436434333,2000.0
