ZL,error,N
0.1351961456359838,0.008680172763424459,2000.0
