ZL,error,N
0.0670971174724479,0.008453494602807437,2000.0
