O^z,error,N,total_data
0.09328669848905077,0.0005350245246637414,2000.0,32000.0
