ZL,error,N
-0.07360185637442111,0.007771718433435043,2000.0
