ZL,error,N
-0.005852783991391142,0.008430913324630323,2000.0
