ZL,error,N
0.0514771235817125,0.008801771141103297,2000.0
