ZL,error,N
-0.17376520050264643,0.00598539455063949,2000.0
