O^z,error,N,total_data
0.05508007333794469,0.00031098283042763287,2000.0,64000.0
