O^z,error,N,total_data
0.07147519624243061,0.00039628214493868456,2000.0,48000.0
