O^z,error,N,total_data
0.1598697711232536,0.0023816807775315914,2000.0,2000.0
