O^z,error,N,total_data
0.09830530742185262,0.0005425410306613452,2000.0,32000.0
