O^z,error,N,total_data
0.12186507802102194,0.00047445304983491555,2000.0,48000.0
