O^z,error,N,total_data
0.20195978431061745,0.0022761921841562716,2000.0,2000.0
