O^z,error,N,total_data
0.17449774928358305,0.0022947927856156384,2000.0,2000.0
