O^z,error,N,total_data
0.10368005036660695,0.0004585056564383512,2000.0,48000.0
