O^z,error,N,total_data
0.0853987679634322,0.0003780307395329498,2000.0,64000.0
