O^z,error,N,total_data
0.1880040822175004,0.0022802821856943234,2000.0,2000.0
