ZL,error,N
0.2009859690556732,0.006137341286888124,2000.0
