ZL,error,N
0.10126524966966619,0.005305084505834418,2000.0
