ZL,error,N
-0.2117862561211655,0.002076702995156794,2000.0
