ZL,error,N
-0.0384751581518537,0.0041029077874095935,2000.0
