O^z,error,N,total_data
0.08721174689678847,0.00025424437984962776,2000.0,48000.0
