O^z,error,Nseed,Nsample
0.08835615015741258,0.0004315226715315595,2000.0,48000.0
