O^z,error,N,total_data
0.11730417580947733,0.0005684890460888829,2000.0,32000.0
