O^z,error,N,total_data
0.08419334423308245,0.00041567337329251737,2000.0,48000.0
