O^z,error,N,total_data
0.06535781598076026,0.000332770885947421,2000.0,64000.0
