O^z,error,N,total_data
0.11196617464116361,0.0005558514936706869,2000.0,32000.0
