O^z,error,N,total_data
0.17362397118953632,0.002355561440436575,2000.0,2000.0
