ZL,error,N
0.48150434777950524,0.0026378123351165485,2000.0
