ZL,error,N
0.6968964782348877,0.0016745031760530666,2000.0
