ZL,error,N
0.6202194970763539,0.001933692178936325,2000.0
