O^z,error,N,total_data
0.013798324338432224,0.00011557658162190906,2000.0,32000.0
