ZL,error,N
0.1807862625384254,0.00342023346042661,2000.0
