O^z,error,Nseed,Nsample
0.1702705902643698,0.0023814086394584196,2000.0,2000.0
