O^z,error,N,total_data
0.11000878337186512,0.0005589798670283388,2000.0,32000.0
