O^z,error,Nseed,Nsample
0.08183795924594137,0.00042088014614013634,2000.0,48000.0
