O^z,error,N,total_data
0.06430576108773443,0.00033047147537154984,2000.0,64000.0
