O^z,error,N,total_data
0.1003346459022869,0.0005445503022745416,2000.0,32000.0
