O^z,error,N,total_data
0.16174427483299203,0.002330829184718657,2000.0,2000.0
