O^z,error,N,total_data
0.06609104462514087,0.00038948097003753016,2000.0,48000.0
