ZL,error,N
-0.09712055784832442,0.007610679486814077,2000.0
