ZL,error,N
-0.03860501301159152,0.008262225949402771,2000.0
