ZL,error,N
0.01863789503595531,0.008562454310949257,2000.0
