O^z,error,N,total_data
0.049468407150492305,0.00030036099417529385,2000.0,64000.0
