ZL,error,N
-0.1857782750977049,0.005869604398186176,2000.0
