O^z,error,N,total_data
0.09384501862440951,0.0005356051223662908,2000.0,32000.0
