SOP,error,Nseed,Nsample
0.18142025383573882,0.00024238261627758056,2000.0,32000.0
