O^z,error,N,total_data
0.08383200902593031,0.0004197448166558369,2000.0,48000.0
