ZL,error,N
-0.19208673587608446,0.007270285447239704,2000.0
