ZL,error,N
-0.2562483893474953,0.005220497531445998,2000.0
