O^z,error,N,total_data
0.1138594169023,0.0005594325367567722,2000.0,32000.0
