O^z,error,N,total_data
0.06872546881084994,0.00033721403184141423,2000.0,64000.0
