ZL,error,N
-0.17110732654619573,0.007706575140388582,2000.0
