ZL,error,N
-0.22232981987507047,0.0067348975531423124,2000.0
