O^z,error,N,total_data
0.17489201224078957,0.0005168943931020773,2000.0,32000.0
