O^z,error,N,total_data
0.15119237590502246,0.00044806959175702006,2000.0,48000.0
