O^z,error,N,total_data
0.2258677188250218,0.0016830599772015525,2000.0,2000.0
