O^z,error,N,total_data
0.13668022264783772,0.0003987996799106838,2000.0,64000.0
