ZL,error,N
-0.018273940089131354,0.007902895541077976,2000.0
