O^z,error,N,total_data
0.08557443320981997,0.0005137365514143383,2000.0,32000.0
