O^z,error,N,total_data
0.04167435934109425,0.0002816303110856171,2000.0,64000.0
