ZL,error,N
0.06275430206732524,0.008480846597894142,2000.0
