O^z,error,N,total_data
0.05814439713223984,0.00036993067933506414,2000.0,48000.0
