ZL,error,N
0.135651040024318,0.00865148172729922,2000.0
