O^z,error,N,total_data
0.11107210017555234,0.0005603280876606846,2000.0,32000.0
