O^z,error,N,total_data
0.08291752422081493,0.0004188085778824651,2000.0,48000.0
