O^z,error,N,total_data
0.17185273477748791,0.00239072650735192,2000.0,2000.0
