O^z,error,N,total_data
0.06637723447720262,0.00033530808438808564,2000.0,64000.0
