O^z,error,Nseed,Nsample
0.0501554093299186,0.00030863995195236593,2000.0,64000.0
