O^z,error,Nseed,Nsample
0.06668945171242113,0.000391812252484352,2000.0,48000.0
