O^z,error,Nseed,Nsample
0.0943018279837234,0.0005322840030658352,2000.0,32000.0
