O^z,error,N,total_data
0.15592445057755247,0.0023207026129066274,2000.0,2000.0
