O^z,error,Nseed,Nsample
0.18132405807140486,0.0023670206883768356,2000.0,2000.0
