O^z,error,Nseed,Nsample
0.09406506768195755,0.0004394231588670066,2000.0,48000.0
