ZL,error,N
-0.7913794346180453,0.0014596542746389083,2000.0
