ZL,error,N
-0.7229363881766132,0.0017719471777598737,2000.0
