O^z,error,N,total_data
0.3099648241089382,0.00021359050273612098,2000.0,64000.0
