ZL,error,N
-0.5797896499511206,0.0019042355519928557,2000.0
