O^z,error,N,total_data
0.3125924044426078,0.0002435188844771753,2000.0,48000.0
