ZL,error,N
-0.8313907299638283,0.000948109337448878,2000.0
