O^z,error,N,total_data
0.31738850912942534,0.000275195685588388,2000.0,32000.0
