O^z,error,N,total_data
0.09832869712806289,0.0003866413929706546,2000.0,64000.0
