O^z,error,N,total_data
0.1453230115033594,0.0005430377233017799,2000.0,32000.0
