O^z,error,N,total_data
0.2041835797429892,0.0019190487228389896,2000.0,2000.0
