O^z,error,N,total_data
0.11627792068508408,0.0004508891525137248,2000.0,48000.0
