O^z,error,N,total_data
0.0941234937170972,0.0014127362960568463,50.0,1600.0
