SOP,error,Nseed,Nsample
0.2194970923105148,0.0004902789634415437,2000.0,2000.0
