ZL,error,N
-0.13598104654236762,0.007560234191059761,2000.0
