ZL,error,N
-0.2425635357714935,0.0052493069826050134,2000.0
