ZL,error,N
-0.1666002219548373,0.007206326212752855,2000.0
