ZL,error,N
-0.19672387648678138,0.0067285519284304715,2000.0
