O^z,error,N,total_data
0.06189315131621697,0.00032553265740718865,2000.0,64000.0
