O^z,error,N,total_data
0.10656640421171636,0.0005522307861693269,2000.0,32000.0
