O^z,error,Nseed,Nsample
0.16821686403508374,0.002381421474639967,2000.0,2000.0
