O^z,error,Nseed,Nsample
0.07873353902983456,0.0004150163859499359,2000.0,48000.0
