O^z,error,N,total_data
0.16802798387027335,0.002362071048488807,2000.0,2000.0
