O^z,error,N,total_data
0.060927973264364346,0.0003218015982909501,2000.0,64000.0
