O^z,error,N,total_data
0.10693133550859575,0.0005545371818165593,2000.0,32000.0
