O^z,error,N,total_data
0.07780287047216111,0.0004045171650028137,2000.0,48000.0
