O^z,error,N,total_data
0.10405897808462888,0.0005532222169561285,2000.0,32000.0
