O^z,error,Nseed,Nsample
0.16577441244474778,0.002371028781670674,2000.0,2000.0
