O^z,error,N,total_data
0.059460900040631925,0.0003219627339388743,2000.0,64000.0
