O^z,error,Nseed,Nsample
0.07614442230433978,0.0004079097399944805,2000.0,48000.0
