O^z,error,N,total_data
0.16285529127751597,0.0022030179967253037,2000.0,2000.0
