O^z,error,N,total_data
0.25380844051570084,0.0002122001976563513,2000.0,64000.0
