O^z,error,N,total_data
0.2728012963660386,0.0006699150076465471,2000.0,2000.0
