O^z,error,N,total_data
0.25639215466537,0.00026314343135155823,2000.0,32000.0
