ZL,error,N
-0.11999842320872652,0.007746429921438092,2000.0
