ZL,error,N
-0.07899838115075761,0.008687413575906572,2000.0
