ZL,error,N
-0.2634533484216315,0.003924474722226181,2000.0
