ZL,error,N
-0.176274136914948,0.006307158009340419,2000.0
