O^z,error,N,total_data
0.1341943182280876,0.002285559569673285,2000.0,2000.0
