O^z,error,Nseed,Nsample
0.07150612504930255,0.00047505338042612855,2000.0,32000.0
