O^z,error,Nseed,Nsample
0.04537348145987184,0.0003299161852918854,2000.0,48000.0
