O^z,error,Nseed,Nsample
0.029797000912953963,0.0002382684087484406,2000.0,64000.0
