O^z,error,N,total_data
0.15536976677752087,0.0023130032408071387,2000.0,2000.0
