O^z,error,N,total_data
0.09217891781086575,0.0005278143311989757,2000.0,32000.0
