O^z,error,N,total_data
0.1316048164415054,0.002293470545262351,2000.0,2000.0
