O^z,error,N,total_data
0.06991576415054597,0.00047459589487817527,2000.0,32000.0
