O^z,error,N,total_data
0.028987669604857064,0.00023267252057576485,2000.0,64000.0
