O^z,error,N,total_data
0.04322668263049032,0.00032334510125701346,2000.0,48000.0
