ZL,error,N
-0.6545345330581225,0.0004696330571910813,2000.0
