O^z,error,N,total_data
0.3394035897333489,0.0001257407328835048,2000.0,64000.0
