O^z,error,N,total_data
0.34243534971555345,0.00014059632375634426,2000.0,48000.0
