O^z,error,N,total_data
0.3487801494459257,0.0001499624815693215,2000.0,32000.0
