ZL,error,N
-0.8726659208751408,0.00020629683730293702,2000.0
