ZL,error,N
-0.8434815553908195,0.00022632303463419697,2000.0
