ZL,error,N
-0.7920335882207277,0.0002853614754543189,2000.0
