O^z,error,Nseed,Nsample
0.030323263755354463,0.00023989581845965837,2000.0,64000.0
