O^z,error,Nseed,Nsample
0.045009061288270646,0.00033000265543303557,2000.0,48000.0
