O^z,error,Nseed,Nsample
0.07206967006420155,0.00047719672278643177,2000.0,32000.0
