O^z,error,N,total_data
0.13507940914695235,0.002281771679249744,2000.0,2000.0
