ZL,error,N
-0.04106557530183803,0.008633538309881846,2000.0
