ZL,error,N
-0.13927104132296889,0.007528072004428798,2000.0
