ZL,error,Nseed,Nsample
-0.21232722991714653,0.005731105519969938,2000.0,2000.0
