ZL,error,N
-0.09116131307008551,0.008155430818675313,2000.0
