O^z,error,N,total_data
0.10782819792196892,0.0004683603591540689,2000.0,48000.0
