O^z,error,N,total_data
0.19354843857363846,0.002250619777449698,2000.0,2000.0
