O^z,error,N,total_data
0.08895390938337273,0.0003872002947880843,2000.0,64000.0
