O^z,error,N,total_data
0.1349774594868858,0.000584594437549014,2000.0,32000.0
