O^z,error,N,total_data
0.2103069849713317,0.0005514826297554843,2000.0,32000.0
