O^z,error,N,total_data
0.24902532944688938,0.001835966825142656,2000.0,2000.0
