O^z,error,N,total_data
0.18054664462053893,0.00043307277738965374,2000.0,64000.0
