O^z,error,N,total_data
0.06604377399656602,0.0003379344452247264,2000.0,64000.0
