ZL,error,N
-0.18411823918954678,0.0055847052279254265,2000.0
