ZL,error,N
0.11933291552093539,0.009125200870035117,2000.0
