ZL,error,N
-0.04857038719619227,0.007706708601760207,2000.0
