ZL,error,N
0.047155274224565266,0.008607208714279498,2000.0
