O^z,error,N,total_data
0.0848866500760765,0.00041092881103494463,2000.0,48000.0
