O^z,error,N,total_data
0.07451510996041165,0.00040963604981567416,2000.0,48000.0
