O^z,error,N,total_data
0.05686311158079373,0.0003234165594153845,2000.0,64000.0
