O^z,error,N,total_data
0.16341124558207956,0.0023528779732273648,2000.0,2000.0
