SOP,error,Nseed,Nsample
0.1579688038754588,0.0002481754056191617,2000.0,48000.0
