O^z,error,N,total_data
0.13235557805024512,0.001492991507618102,50.0,1600.0
