O^z,error,N,total_data
0.17211705112950043,0.0021474775223395376,2000.0,2000.0
