O^z,error,N,total_data
0.24411243205537878,0.0017075931418550397,2000.0,2000.0
