O^z,error,N,total_data
0.17295624297244738,0.0004169636201771406,2000.0,64000.0
