O^z,error,N,total_data
0.18508492815182728,0.00046422909824898087,2000.0,48000.0
