O^z,error,N,total_data
0.20300371449367904,0.00052910457308022,2000.0,32000.0
