O^z,error,N,total_data
0.2375184070744552,0.0019754205341820075,2000.0,2000.0
