O^z,error,N,total_data
0.1584417022177785,0.00043870540612842685,2000.0,64000.0
