ZL,error,N
0.14840591011655888,0.008513191046317986,2000.0
