ZL,error,N
-0.011135468564858308,0.007831946189760188,2000.0
