ZL,error,N
-0.13371801038051248,0.006141140843813555,2000.0
