ZL,error,N
0.07159230745306841,0.0083563142459405,2000.0
