O^z,error,N,total_data
0.03754906504169912,0.0002672195190191325,2000.0,64000.0
