O^z,error,N,total_data
0.08123881882218029,0.0005058052198889244,2000.0,32000.0
