O^z,error,N,total_data
0.06825014259617523,0.0003941068774533432,2000.0,48000.0
