ZL,error,N
-0.006731515883965665,0.008588431076066308,2000.0
