ZL,error,N
-0.05974775205301555,0.008202020649815175,2000.0
