ZL,error,N
-0.19445671197720232,0.005810975981975565,2000.0
