ZL,error,N
-0.11510803843391333,0.0075460642132094465,2000.0
