O^z,error,N,total_data
0.18807014149631304,0.002357246758292733,2000.0,2000.0
