O^z,error,N,total_data
0.04652997246653673,0.00033394315601695555,2000.0,48000.0
