O^z,error,N,total_data
0.13607261657005562,0.002279682585759041,2000.0,2000.0
