O^z,error,N,total_data
0.14085142850412832,0.002309908402155329,2000.0,2000.0
