O^z,error,N,total_data
0.07867615883498644,0.0004977014868063186,2000.0,32000.0
