ZL,error,N
-0.5174886394829605,0.006682902090225996,2000.0
