ZL,error,N
-0.39312273871157555,0.0037431583428585084,2000.0
