ZL,error,N
-0.43579734968775063,0.005634953320876236,2000.0
