O^z,error,N,total_data
0.22800880594334677,0.0004599670256779869,2000.0,32000.0
