O^z,error,N,total_data
0.20921831899053064,0.00036791904498524966,2000.0,64000.0
