ZL,error,N
-0.482995194773143,0.006300999127006196,2000.0
