O^z,error,N,total_data
0.12516244010882885,0.002277485656539025,2000.0,2000.0
