O^z,error,N,total_data
0.038233623448884556,0.0003016604640715897,2000.0,48000.0
