O^z,error,N,total_data
0.024725326432940738,0.00021422271340923793,2000.0,64000.0
