O^z,error,N,total_data
0.06365113433665405,0.0004540871096234845,2000.0,32000.0
