ZL,error,N
-0.2135322695453555,0.00557408242097792,2000.0
