ZL,error,N
-0.06328859337378177,0.008228061491777234,2000.0
