ZL,error,N
-0.14792739628198567,0.0073389821982064495,2000.0
