ZL,error,N
-0.10583202324682625,0.007898373376179886,2000.0
