ZL,error,N
0.1543937345021091,0.007944785163057622,2000.0
