ZL,error,N
0.24392394794205882,0.00810012835371183,2000.0
