ZL,error,N
-0.13861190072746107,0.005428456026717851,2000.0
