ZL,error,N
0.03702661923183877,0.007275384078173941,2000.0
