ZL,error,N
-0.15190245732885668,0.007989814858077739,2000.0
