ZL,error,Nseed,Nsample
-0.2525694355218754,0.005349725792978626,2000.0,2000.0
