ZL,error,N
-0.18371317683309465,0.007594184898888613,2000.0
