ZL,error,N
-0.2099699072161721,0.006988236333192723,2000.0
