O^z,error,Nseed,Nsample
0.06446875656781055,0.0003845577247548906,2000.0,48000.0
