O^z,error,Nseed,Nsample
0.15457487174217743,0.0023549071387355762,2000.0,2000.0
