O^z,error,N,total_data
0.10710754160306205,0.0005556233070677984,2000.0,32000.0
