O^z,error,Nseed,Nsample
0.1679096467410514,0.002366869748772235,2000.0,2000.0
