O^z,error,Nseed,Nsample
0.07822492562427581,0.0004112976840114359,2000.0,48000.0
