ZL,error,N
-0.04807503704702465,0.00811346112615425,2000.0
