ZL,error,Nseed,Nsample
-0.1865828941304421,0.0058041824193089874,2000.0,2000.0
