ZL,error,N
0.001554352329171658,0.00843589630894723,2000.0
