ZL,error,N
-0.10290424147077425,0.007502313482566901,2000.0
