ZL,error,N
-0.204452874774864,0.005833584431572426,2000.0
