O^z,error,N,total_data
0.058364994289537835,0.00032986845816863506,2000.0,64000.0
