ZL,error,N
-0.012356152366672039,0.008875985946243087,2000.0
