ZL,error,N
-0.06880173526496118,0.008466506568987392,2000.0
