ZL,error,N
-0.12249928682356945,0.007761858964264691,2000.0
