O^z,error,N,total_data
0.07642346871214005,0.0004125657806235546,2000.0,48000.0
