O^z,error,N,total_data
0.2860520235292824,0.0015888012990268605,2000.0,2000.0
