ZL,error,N
-0.3421453479817766,0.004799416086066135,2000.0
