ZL,error,N
-0.3338842679642588,0.007050461513168365,2000.0
