ZL,error,N
-0.33107038097259006,0.008152812184886307,2000.0
