ZL,error,N
-0.33252609922280596,0.008834235179472598,2000.0
