O^z,error,N,total_data
0.16779384886000961,0.002381602054758894,2000.0,2000.0
