O^z,error,N,total_data
0.0780009229831011,0.00039740790371284936,2000.0,48000.0
