O^z,error,N,total_data
0.061212609803278084,0.0003169228144854184,1992.0,63744.0
