O^z,error,N,total_data
0.10662754069042464,0.0005446533871261738,2000.0,32000.0
