ZL,error,Nseed,Nsample
-0.19215802434540252,0.0057995397528616205,2000.0,2000.0
