ZL,error,N
-0.003750267525292551,0.008487302069385026,2000.0
