ZL,error,N
-0.055131754152612296,0.00815585284329608,2000.0
