ZL,error,N
-0.11162793406779149,0.007545360707197135,2000.0
