O^z,error,N,total_data
0.17953315601880945,0.002291751596285148,2000.0,2000.0
