O^z,error,N,total_data
0.12754834667127635,0.0002891356530618101,2000.0,32000.0
