O^z,error,N,total_data
0.20326717363542335,0.0007389651594064676,2000.0,2000.0
