O^z,error,N,total_data
0.06431967281443449,0.00022428434140529948,2000.0,64000.0
