O^z,error,N,total_data
0.08215239790380705,0.0003667651298320741,2000.0,64000.0
