O^z,error,N,total_data
0.09915059298085006,0.0004449815034689205,2000.0,48000.0
