O^z,error,N,total_data
0.1853865743343243,0.002355436900150605,2000.0,2000.0
