ZL,error,N
-0.25885212348217257,0.00870679613171971,2000.0
