ZL,error,N
-0.24094750610711296,0.009342904338726275,2000.0
