O^z,error,N,total_data
0.12650128081146067,0.000430573770940385,2000.0,64000.0
