ZL,error,N
-0.2809963777172741,0.007608178783850203,2000.0
