O^z,error,N,total_data
0.14209676272142066,0.00049660559232482,2000.0,48000.0
