O^z,error,N,total_data
0.16790296044806857,0.0005855941575706644,2000.0,32000.0
