ZL,error,N
-0.30959431525346015,0.005298464261168384,2000.0
