ZL,error,N
-0.18333415493100086,0.008090222275201477,2000.0
