ZL,error,N
-0.20952911257274567,0.007721364949443754,2000.0
