ZL,error,Nseed,Nsample
-0.26995224237977744,0.0052786412607335005,2000.0,2000.0
