ZL,error,N
-0.23381184175216288,0.006985096050672044,2000.0
