ZL,error,N
-0.08897925550568789,0.008543750066843835,2000.0
