O^z,error,N,total_data
0.06615365941390625,0.0003449357151673021,2000.0,64000.0
