O^z,error,N,total_data
0.11077002625008861,0.0005617505922400886,2000.0,32000.0
