ZL,error,N
-0.03589829544563728,0.009075408698140764,2000.0
