ZL,error,N
-0.21535691911449753,0.005793744560274151,2000.0
