ZL,error,N
-0.13781614834673067,0.007789108334689968,2000.0
