ZL,error,N
-0.20408849681151137,0.006939855525470051,2000.0
