ZL,error,N
-0.2212007712840592,0.0067604819633966095,2000.0
