ZL,error,N
-0.24131812306615233,0.006262916838209653,2000.0
