ZL,error,N
-0.26879023950177144,0.005018562831286171,2000.0
