O^z,error,N,total_data
0.3083282765541059,0.001208773281279334,2000.0,2000.0
