ZL,error,N
-0.1155485381967413,0.00848917622045037,2000.0
