ZL,error,N
-0.18846222990479897,0.007219144812347598,2000.0
