ZL,error,Nseed,Nsample
-0.24393995646026564,0.005503489983211101,2000.0,2000.0
