ZL,error,N
-0.15475314003271895,0.007946757437861884,2000.0
