O^z,error,N,total_data
0.17778320877869797,0.002356882768003727,2000.0,2000.0
