ZL,error,N
-0.3207959261275568,0.00697182655968573,2000.0
