O^z,error,N,total_data
0.17046123414660763,0.00046664848001149806,2000.0,48000.0
