ZL,error,N
-0.32035881010703887,0.008835680685216308,2000.0
