ZL,error,N
-0.3360764778056052,0.004662854986165126,2000.0
