ZL,error,N
-0.3184695043381699,0.008124925739582704,2000.0
