O^z,error,N,total_data
0.19111574808689846,0.0005372962778421288,2000.0,32000.0
