O^z,error,Nseed,Nsample
0.08816442701614685,0.0004314023382803001,2000.0,48000.0
