O^z,error,Nseed,Nsample
0.17713087977686476,0.002380884539962156,2000.0,2000.0
