O^z,error,N,total_data
0.06993885978341757,0.00034364972789450727,2000.0,64000.0
