O^z,error,Nseed,Nsample
0.07353420724225403,0.00040376546332252465,2000.0,48000.0
