O^z,error,Nseed,Nsample
0.1632670133602992,0.0023680936392731,2000.0,2000.0
