O^z,error,N,total_data
0.10219621728856747,0.000549742909405605,2000.0,32000.0
