ZL,error,N
-0.10837639639784427,0.007804084619974044,2000.0
