ZL,error,N
0.00826976527095497,0.008969558599349356,2000.0
