O^z,error,N,total_data
0.10256566510549833,0.0005503141603158637,2000.0,32000.0
