O^z,error,N,total_data
0.07496131804237695,0.00041189356219396747,2000.0,48000.0
