O^z,error,N,total_data
0.05740468084627686,0.00032481239456328353,2000.0,64000.0
