ZL,error,N
-0.05106022486414394,0.008574757267106726,2000.0
