O^z,error,N,total_data
0.08411390240896294,0.0005148931825667457,2000.0,32000.0
