O^z,error,N,total_data
0.03999997939801421,0.00027469830427786563,2000.0,64000.0
