O^z,error,N,total_data
0.14752114803570782,0.0023391995894334982,2000.0,2000.0
