O^z,error,N,total_data
0.24003027142385225,0.0007176834260745303,2000.0,2000.0
