O^z,error,N,total_data
0.1507445965850397,0.0023070049836664847,2000.0,2000.0
