ZL,error,N
0.12073956160340439,0.008309770954529118,2000.0
