ZL,error,N
-0.11357865475583982,0.006243867707395805,2000.0
