ZL,error,N
0.19903411442978952,0.008407293802013592,2000.0
