ZL,error,N
0.02652032162004933,0.007856678988807604,2000.0
