ZL,error,N
0.20288735591163756,0.008297874044689317,2000.0
