ZL,error,N
0.03725935099118071,0.007754752710379048,2000.0
