ZL,error,N
-0.10391180431926685,0.006239860888063848,2000.0
