ZL,error,N
0.1250818653812704,0.00818745096252266,2000.0
