O^z,error,N,total_data
0.04653792634654486,0.00033315370294036226,2000.0,48000.0
