ZL,error,N
-0.20938709420394463,0.005725503042237215,2000.0
