ZL,error,N
-0.13587225947657208,0.0075242326782402865,2000.0
