ZL,error,N
-0.04119043408247317,0.00856940082527019,2000.0
