ZL,error,N
-0.0856752787536141,0.008194169303845374,2000.0
