O^z,error,N,total_data
0.07386869112639476,0.0004067912621975974,2000.0,48000.0
