ZL,error,N
-0.4287674959872256,0.007393706161391209,2000.0
