ZL,error,N
-0.4060300682034159,0.0065874975993411725,2000.0
