O^z,error,N,total_data
0.1588851052229765,0.0004361429684694638,2000.0,64000.0
