ZL,error,N
-0.43758047362679753,0.00787521568214467,2000.0
