ZL,error,N
-0.3778780513724903,0.004698738932707003,2000.0
