ZL,error,N
0.10995874384003725,0.008635174629117578,2000.0
