ZL,error,N
-0.1496324803258243,0.006099715809467982,2000.0
