O^z,error,N,total_data
0.05724092820205146,0.0003647946290700394,2000.0,48000.0
