ZL,error,N
0.04800111672252439,0.00835572445042092,2000.0
