O^z,error,N,total_data
0.04164412835013031,0.00027889546457189157,2000.0,64000.0
