ZL,error,N
-0.03146257238778288,0.007808249269857676,2000.0
