ZL,error,N
-0.14061137442466978,0.007942154506206679,2000.0
