ZL,error,N
-0.19543874386518756,0.006970733673574819,2000.0
