ZL,error,N
-0.24292137413932063,0.005360691800628743,2000.0
