ZL,error,N
-0.16527328071158343,0.007556659536153084,2000.0
