ZL,error,Nseed,Nsample
-0.2149719584846893,0.005740124269568169,2000.0,2000.0
