O^z,error,N,total_data
0.10543199727301059,0.0005541969054920071,2000.0,32000.0
