ZL,error,N
-0.0951670595987411,0.008168813479534551,2000.0
