ZL,error,N
-0.145192516220008,0.007543432611762142,2000.0
