ZL,error,N
-0.04413687620108947,0.008662275268713548,2000.0
