ZL,error,N
-0.09678251109631077,0.00905626184043939,2000.0
