ZL,error,N
-0.14641930488278043,0.008494636863359446,2000.0
