ZL,error,N
-0.1841268574563304,0.007604354622723309,2000.0
