ZL,error,N
-0.2444297948843912,0.005619635985022038,2000.0
