O^z,error,N,total_data
0.09450454022779536,0.0004466708093566697,2000.0,48000.0
