O^z,error,N,total_data
0.12135775052875282,0.0005751992061100528,2000.0,32000.0
