O^z,error,N,total_data
0.030959701560824494,0.0002734013022304005,2000.0,48000.0
