O^z,error,N,total_data
0.054623151817939176,0.0004299928885086856,2000.0,32000.0
