ZL,error,N
-0.045583873052447633,0.006359222363106368,2000.0
