O^z,error,N,total_data
0.01955876713661982,0.0001912298517272084,2000.0,64000.0
