ZL,error,N
0.28951001799129866,0.007728151348363137,2000.0
