ZL,error,N
0.2094605762026317,0.007705257720310876,2000.0
