ZL,error,N
0.1075699433635748,0.007524583474212098,2000.0
