ZL,error,N
-0.1259579218776701,0.008461909918768747,2000.0
