O^z,error,N,total_data
0.07032438726086261,0.00034874505187684757,2000.0,64000.0
