ZL,error,N
-0.16052705938466855,0.008001711798657812,2000.0
