O^z,error,N,total_data
0.08742724962567967,0.0004301529037070839,2000.0,48000.0
