O^z,error,N,total_data
0.11422821034072123,0.0005657183583862748,2000.0,32000.0
