ZL,error,Nseed,Nsample
-0.24540145954009118,0.005511307495173071,2000.0,2000.0
