ZL,error,N
-0.19144094358327302,0.007228669438537305,2000.0
