O^z,error,N,total_data
0.08811798169775054,0.00036709985122253784,2000.0,48000.0
