O^z,error,N,total_data
0.12040103934935742,0.0004503608193911937,2000.0,32000.0
