O^z,error,N,total_data
0.06835620719811085,0.00030114613240590245,2000.0,64000.0
