ZL,error,N
0.07464652750027401,0.0077420193828357485,2000.0
