ZL,error,N
-0.0304394344617952,0.006628997524235209,2000.0
