ZL,error,N
-0.1906014922551421,0.004489179975282341,2000.0
