ZL,error,N
0.15288414815816326,0.008243663689077231,2000.0
