O^z,error,N,total_data
0.06359480711468564,0.00035826122163887437,2000.0,48000.0
