O^z,error,N,total_data
0.16590507638799923,0.0019984301908516112,2000.0,2000.0
