O^z,error,N,total_data
0.045410012122245554,0.00027622217099706575,2000.0,64000.0
