O^z,error,N,total_data
0.09613531195970632,0.0004877108055977955,2000.0,32000.0
