O^z,error,N,total_data
0.19631340506156403,0.0004868103858132563,2000.0,48000.0
