O^z,error,N,total_data
0.252314878436814,0.0018915501796780217,2000.0,2000.0
