O^z,error,N,total_data
0.1872985123961597,0.0004294776580876773,2000.0,64000.0
