O^z,error,N,total_data
0.22770328136141302,0.0017817123644888356,2000.0,2000.0
