ZL,error,N
-0.14483133126670483,0.0061065808726272364,2000.0
