ZL,error,N
0.050079024871253916,0.008327688985716755,2000.0
