O^z,error,N,total_data
0.08352477499489588,0.0005160044521442395,2000.0,32000.0
