ZL,error,N
0.11674118056123514,0.008618596579348076,2000.0
