O^z,error,N,total_data
0.055750527507230786,0.0003596642857400209,2000.0,48000.0
