ZL,error,N
-0.028765385640528492,0.007822290139204203,2000.0
