ZL,error,N
-0.17433020753344655,0.00779867708724909,2000.0
