ZL,error,Nseed,Nsample
-0.2583911548962767,0.0052766695163612085,2000.0,2000.0
