ZL,error,N
-0.22161489213631977,0.006900636923929232,2000.0
