ZL,error,N
-0.19769957613570832,0.007536188825417811,2000.0
