O^z,error,N,total_data
0.12360969028336621,0.0005711227828298019,2000.0,32000.0
