O^z,error,N,total_data
0.18347649817278938,0.0023530034564940155,2000.0,2000.0
