O^z,error,N,total_data
0.12305495397438425,0.0006381536156852697,1120.0,26880.0
