O^z,error,N,total_data
0.2064663214999116,0.0020988720858958875,2000.0,2000.0
