O^z,error,N,total_data
0.1004021080468412,0.000550170451467049,2000.0,32000.0
