O^z,error,Nseed,Nsample
0.16236195638065806,0.0023585858925004055,2000.0,2000.0
