O^z,error,Nseed,Nsample
0.0724909977430622,0.00040084831784303724,2000.0,48000.0
