O^z,error,N,total_data
0.05595784103234428,0.0003153829931305795,2000.0,64000.0
