ZL,error,N
-0.22068660880090366,0.005531102894543696,2000.0
