ZL,error,N
-0.15713882358634584,0.007234155079513167,2000.0
