ZL,error,N
-0.11531505128934973,0.0078091975657302755,2000.0
