ZL,error,N
-0.07927095804022731,0.008146409538911456,2000.0
