O^z,error,N,total_data
0.04661599023212139,0.00029094090658774883,2000.0,64000.0
