O^z,error,Nseed,Nsample
0.06180250885124231,0.0003754428553274972,2000.0,48000.0
