O^z,error,Nseed,Nsample
0.15210457821407664,0.002351690978594425,2000.0,2000.0
