O^z,error,N,total_data
0.09096877903144354,0.0005300265829837695,2000.0,32000.0
