O^z,error,N,total_data
0.09695749098315967,0.0005410166049057445,2000.0,32000.0
