O^z,error,N,total_data
0.15747917469433945,0.0023539249610160405,2000.0,2000.0
