SOP,error,Nseed,Nsample
0.2929708443147026,0.000495785826740864,2000.0,2000.0
