SOP,error,Nseed,Nsample
0.28553404327493903,0.00019188990455715305,2000.0,48000.0
