O^z,error,N,total_data
0.22681311485918745,0.0003025061837382499,2000.0,64000.0
