O^z,error,N,total_data
0.2643117413460308,0.0011006979943809423,2000.0,2000.0
