O^z,error,N,total_data
0.11488322098585223,0.0005674072548807523,2000.0,32000.0
