O^z,error,Nseed,Nsample
0.17464287383614327,0.0023928322532621848,2000.0,2000.0
