O^z,error,N,total_data
0.06949066076939839,0.00033984388540543104,2000.0,64000.0
