O^z,error,Nseed,Nsample
0.08642941910219179,0.00042421599042224967,2000.0,48000.0
