O^z,error,N,total_data
0.12498170717912471,0.0004832876999311414,2000.0,48000.0
