O^z,error,N,total_data
0.20504993525509924,0.0022251477844287,2000.0,2000.0
