O^z,error,N,total_data
0.10804875160251592,0.00041205595024389603,2000.0,64000.0
