ZL,error,N
0.0038983891965525944,0.009045829991794182,2000.0
