O^z,error,N,total_data
0.07610945994661285,0.0004123645947259874,2000.0,48000.0
