O^z,error,N,total_data
0.10371214804110215,0.0005494799962197745,2000.0,32000.0
