ZL,error,N
-0.053201932467464665,0.008560803332473855,2000.0
