ZL,error,N
-0.11058036738846894,0.007823960528026455,2000.0
