O^z,error,N,total_data
0.05911261541951095,0.00033050673981120416,2000.0,64000.0
