O^z,error,N,total_data
0.06950775639449891,0.00039563041858757536,2000.0,48000.0
