O^z,error,N,total_data
0.09701035405962581,0.0005424683417027837,2000.0,32000.0
