O^z,error,N,total_data
0.15868067403008523,0.0023794384055328497,2000.0,2000.0
