O^z,error,N,total_data
0.05322585752761346,0.00030901059100958076,2000.0,64000.0
