O^z,error,N,total_data
0.06458687410928639,0.00033876659136654314,2000.0,64000.0
