ZL,error,N
-0.12162984372891182,0.008193366765210703,2000.0
