ZL,error,N
-0.07934290933152471,0.008616474236160427,2000.0
