ZL,error,N
-0.166444741673197,0.007501579011918137,2000.0
