ZL,error,Nseed,Nsample
-0.2283425499785237,0.005647192439341554,2000.0,2000.0
