O^z,error,N,total_data
0.1843032198110228,0.0004483102073285714,2000.0,48000.0
