O^z,error,N,total_data
0.24343780516125443,0.0016166809519494183,2000.0,2000.0
