O^z,error,N,total_data
0.2022848292115389,0.0005108708197294166,2000.0,32000.0
