O^z,error,N,total_data
0.17299045252372597,0.00040322787140012803,2000.0,64000.0
