O^z,error,Nseed,Nsample
0.08690474522600407,0.00042965947489851004,2000.0,48000.0
