O^z,error,N,total_data
0.06889200441828812,0.00033896462162090257,2000.0,64000.0
