O^z,error,Nseed,Nsample
0.17540070094169488,0.0023831708673671503,2000.0,2000.0
