O^z,error,N,total_data
0.08994840350187654,0.0005268998127238598,2000.0,32000.0
