O^z,error,N,total_data
0.15106818125312993,0.0023672587417090606,2000.0,2000.0
