O^z,error,N,total_data
0.061600532626113924,0.00037657177524340156,2000.0,48000.0
