O^z,error,N,total_data
0.04506016358509949,0.00028506817584556557,2000.0,64000.0
