ZL,error,N
-0.09398575396529364,0.008524709096784258,2000.0
