O^z,error,N,total_data
0.10975375367163043,0.000558296754343998,2000.0,32000.0
