O^z,error,N,total_data
0.08148635011425792,0.00042222566756376325,2000.0,48000.0
