ZL,error,N
-0.13143809400103365,0.008088133924088586,2000.0
