ZL,error,N
-0.17133439339316492,0.007313722553712087,2000.0
