ZL,error,Nseed,Nsample
-0.2336060841300196,0.0055626319940011324,2000.0,2000.0
