O^z,error,N,total_data
0.09016633133169204,0.0004353773712593615,2000.0,48000.0
