ZL,error,N
-0.14534096253840093,0.008443940741119697,2000.0
