ZL,error,N
-0.17866744231170575,0.007863300545118145,2000.0
