ZL,error,N
-0.20833366129883713,0.007146694144009411,2000.0
