ZL,error,Nseed,Nsample
-0.25536161940583046,0.005442249090544752,2000.0,2000.0
