O^z,error,N,total_data
0.048502168113426364,0.00029581328008256003,2000.0,64000.0
