O^z,error,N,total_data
0.0650189941680196,0.0003820559064428568,2000.0,48000.0
