O^z,error,N,total_data
0.1546619453321013,0.0023732587797699535,2000.0,2000.0
