O^z,error,N,total_data
0.09291017309603794,0.0005319904810868976,2000.0,32000.0
