ZL,error,N
-0.694395124263625,0.003487785390393243,2000.0
