ZL,error,N
-0.5033851436241077,0.0031856705375473368,2000.0
