ZL,error,N
-0.6257241031327694,0.003585145818383035,2000.0
