O^z,error,N,total_data
0.2476545614411243,0.0003611942257341069,2000.0,64000.0
