O^z,error,N,total_data
0.25299187474054124,0.00040124006330124,2000.0,48000.0
