O^z,error,N,total_data
0.262954397649253,0.00046292400477965185,2000.0,32000.0
