ZL,error,N
-0.7381299179504704,0.0034264006901214557,2000.0
