O^z,error,N,total_data
0.06686598526708493,0.0003580212380252221,2000.0,48000.0
