O^z,error,N,total_data
0.16930666064887384,0.0019197756533572518,2000.0,2000.0
