O^z,error,N,total_data
0.09877868909217614,0.00047588876763761997,2000.0,32000.0
