O^z,error,N,total_data
0.047360795117808434,0.0002770550381308357,2000.0,64000.0
