O^z,error,N,total_data
0.08079927247928606,0.00041502276370559667,2000.0,48000.0
