O^z,error,N,total_data
0.10868335055267131,0.0005579384751930574,2000.0,32000.0
