O^z,error,N,total_data
0.1696390133355932,0.0023938868507102752,2000.0,2000.0
