O^z,error,N,total_data
0.06463916753610151,0.0003310368990758571,2000.0,64000.0
