O^z,error,N,total_data
0.16414901691684686,0.0018297379206228246,2000.0,2000.0
