ZL,error,N
0.05194642033136963,0.008753769826642773,2000.0
