ZL,error,N
-0.09520386802346596,0.006725672620760875,2000.0
