ZL,error,N
-0.008676541754208128,0.00801703422609831,2000.0
