ZL,error,N
-0.22185476648743577,0.004443085714680703,2000.0
