ZL,error,N
0.0666385386055729,0.008378468667379192,2000.0
