ZL,error,N
-0.015763721598453902,0.007840586433151536,2000.0
