ZL,error,N
-0.1372249138455291,0.0061592597713303705,2000.0
