ZL,error,N
0.13886949555315975,0.00862394931458364,2000.0
