O^z,error,N,total_data
0.2847683945267142,0.001549819273580648,2000.0,2000.0
