O^z,error,N,total_data
0.2625346660762155,0.00046882122993606017,2000.0,32000.0
