ZL,error,N
0.23200690357108808,0.008136480789468064,2000.0
