ZL,error,N
-0.09001927296980887,0.0062669865696245814,2000.0
