ZL,error,N
0.15416598068764764,0.008191121042204355,2000.0
