ZL,error,N
0.055878973961121105,0.007822509817387474,2000.0
