O^z,error,N,total_data
0.1529629239023175,0.0004822967911046989,2000.0,32000.0
