O^z,error,N,total_data
0.2116967240653582,0.001580308456366365,2000.0,2000.0
