ZL,error,N
-0.2878033145935441,0.008173984195907837,2000.0
