O^z,error,N,total_data
0.13048892286961147,0.0004894096181086329,2000.0,48000.0
