O^z,error,N,total_data
0.11382546704349687,0.00041994988622680773,2000.0,64000.0
