ZL,error,N
-0.30156625783579777,0.007228355167181672,2000.0
