ZL,error,N
-0.26835239426890967,0.008830051958965487,2000.0
