ZL,error,N
-0.3151355013608072,0.005185620270591729,2000.0
