O^z,error,N,total_data
0.1569750029585184,0.0005930447163990517,2000.0,32000.0
