ZL,error,N
-0.055304366578049345,0.007825729203275927,2000.0
