ZL,error,N
0.01944038579007625,0.008427543910062426,2000.0
