ZL,error,N
0.08335044844296755,0.0087031199719309,2000.0
