ZL,error,N
-0.1595663333492137,0.006042091432856117,2000.0
