ZL,error,N
-0.18421469457809245,0.007880668606913062,2000.0
