O^z,error,N,total_data
0.11967423555612094,0.0005714743691857563,2000.0,32000.0
