ZL,error,N
-0.1529899111202438,0.008403812763464047,2000.0
