O^z,error,N,total_data
0.09215665667793961,0.0004369591728218029,2000.0,48000.0
