ZL,error,Nseed,Nsample
-0.25745139931868544,0.0054440903464388945,2000.0,2000.0
