ZL,error,N
-0.21201086539738476,0.007177949452879737,2000.0
