ZL,error,N
0.3009285944774223,0.007738488349449928,2000.0
