O^z,error,N,total_data
0.054289321972463646,0.0003302157049240038,2000.0,48000.0
