ZL,error,N
0.08260941682403619,0.00724802491406352,2000.0
