O^z,error,N,total_data
0.08616011664368148,0.000461700406735862,2000.0,32000.0
