O^z,error,N,total_data
0.037650383468685746,0.0002510098766758022,2000.0,64000.0
