ZL,error,N
0.2134678936551288,0.007652387287000066,2000.0
