ZL,error,N
-0.1078221562182042,0.005641709783648271,2000.0
