O^z,error,N,total_data
0.06810813017416655,0.00039248545050339515,2000.0,48000.0
