O^z,error,N,total_data
0.09585211832702788,0.0005397621843641322,2000.0,32000.0
