O^z,error,N,total_data
0.051978234610820864,0.00030407689408819857,2000.0,64000.0
