O^z,error,N,total_data
0.1578008042528504,0.0023851777380415927,2000.0,2000.0
