ZL,error,N
-0.8251991614720033,0.00038030295735116395,2000.0
