ZL,error,N
-0.7679959438472619,0.0005270664149243517,2000.0
