O^z,error,N,total_data
0.34166391279775044,0.0001467279322667572,2000.0,32000.0
