ZL,error,N
-0.629527916187278,0.0006368165132825043,2000.0
