ZL,error,N
-0.8560961750473488,0.00033762000873834117,2000.0
