O^z,error,N,total_data
0.3367235675968865,0.00013127517602172896,2000.0,48000.0
