O^z,error,N,total_data
0.3330328784514145,0.00011944247416280876,2000.0,64000.0
