O^z,error,N,total_data
0.16937120401290215,0.002365101472938515,2000.0,2000.0
