O^z,error,N,total_data
0.08182212035013782,0.0004208619703714372,2000.0,48000.0
