O^z,error,N,total_data
0.11042043641499492,0.0005631940725255523,2000.0,32000.0
