O^z,error,N,total_data
0.1522080304623057,0.0023128050450270834,2000.0,2000.0
