ZL,error,N
0.018263145690199885,0.008835429678979101,2000.0
