ZL,error,N
-0.10220610507313331,0.007815312584785527,2000.0
