O^z,error,N,total_data
0.1003482382264558,0.0005481808320814732,2000.0,32000.0
