ZL,error,N
-0.041974558247843304,0.008474184922309074,2000.0
