ZL,error,N
-0.19095097335930836,0.0059134846051812255,2000.0
