ZL,error,N
0.021593911192130652,0.008363498805304919,2000.0
