ZL,error,N
-0.20272685398476697,0.005126245010503778,2000.0
