ZL,error,N
0.08766462068571464,0.008986218432656106,2000.0
