ZL,error,N
-0.06864561612595961,0.007322277062467311,2000.0
