O^z,error,N,total_data
0.21689874069134385,0.0004045553305456028,2000.0,48000.0
