O^z,error,N,total_data
0.2602920680880695,0.001419372599706619,2000.0,2000.0
