O^z,error,N,total_data
0.2609721142705191,0.000222737989828867,2000.0,32000.0
