O^z,error,N,total_data
0.2583083541345482,0.00020874942167987167,2000.0,48000.0
