O^z,error,N,total_data
0.2582145724607214,0.00019144447140497363,2000.0,64000.0
