O^z,error,N,total_data
0.2752659917591922,0.0005035192999878149,2000.0,2000.0
