ZL,error,N
-0.2648561059367026,0.005051133414893657,2000.0
