ZL,error,N
-0.1875889624306313,0.007185523277609055,2000.0
