ZL,error,N
-0.21543917437336718,0.00685819269158653,2000.0
