ZL,error,N
-0.23410091958888873,0.006380579832977246,2000.0
