ZL,error,N
-0.06315643016955338,0.008546897952929818,2000.0
