O^z,error,N,total_data
0.0603786808120117,0.0003282275841362354,2000.0,64000.0
