ZL,error,N
-0.15164062871054754,0.007444302353559129,2000.0
