O^z,error,N,total_data
0.10523071928426658,0.0005542802899822494,2000.0,32000.0
