ZL,error,N
-0.10932913941951321,0.008128331126646456,2000.0
