ZL,error,N
-0.22093664522588768,0.005639209361216106,2000.0
