O^z,error,N,total_data
0.0775191390125312,0.0004144800030154074,2000.0,48000.0
