ZL,error,N
-0.19981107135126638,0.006592922374688417,2000.0
