ZL,error,N
-0.18159256939256319,0.006794510669301144,2000.0
