ZL,error,N
-0.22068812508314387,0.006277491023210996,2000.0
