ZL,error,N
-0.2546731810345179,0.005043580563249195,2000.0
