O^z,error,N,total_data
0.1366744679442884,0.00221977963725597,2000.0,2000.0
