ZL,error,N
-0.11633536221909914,0.005211243063816388,2000.0
