ZL,error,N
0.2172708933710545,0.007368451981364473,2000.0
