O^z,error,N,total_data
0.09029074780470084,0.0004427380432790876,2000.0,32000.0
