O^z,error,N,total_data
0.03890337553265703,0.00024015143024301263,2000.0,64000.0
