ZL,error,N
0.0818228672845016,0.006887669338195327,2000.0
