ZL,error,N
0.3129410043156476,0.00730678489570175,2000.0
