O^z,error,N,total_data
0.056813165231286766,0.0003219317487871872,2000.0,48000.0
