O^z,error,N,total_data
0.03803821446929275,0.0002694807815759797,2000.0,64000.0
