ZL,error,N
0.16404911653558107,0.008565135837368835,2000.0
