O^z,error,N,total_data
0.053554062441483634,0.0003570435832616865,2000.0,48000.0
