O^z,error,N,total_data
0.08145316832046175,0.0005008032652252296,2000.0,32000.0
