ZL,error,N
0.09645536684366497,0.008416135406690365,2000.0
