ZL,error,N
0.0034918048786311984,0.007877624730747275,2000.0
