O^z,error,Nseed,Nsample
0.029464839959818186,0.00023966945045867782,2000.0,64000.0
