O^z,error,Nseed,Nsample
0.04473022894149543,0.000326519047977472,2000.0,48000.0
