O^z,error,Nseed,Nsample
0.07136212229764012,0.00047627141856549304,2000.0,32000.0
