O^z,error,N,total_data
0.13272903789704943,0.002285070734519908,2000.0,2000.0
