ZL,error,N
-0.4204984399338829,0.007758977725594157,2000.0
