O^z,error,N,total_data
0.16960432727508878,0.00043660231116709726,2000.0,64000.0
