ZL,error,N
-0.4381408472158454,0.008136115769373974,2000.0
