O^z,error,N,total_data
0.19997735551909127,0.0005733705708535033,2000.0,32000.0
