ZL,error,N
-0.3781417818534705,0.004754002456750571,2000.0
