ZL,error,N
-0.40317314708945984,0.006779896966256349,2000.0
