ZL,error,N
-0.8780224795008917,0.00013597896169753845,2000.0
