ZL,error,N
-0.6697721227116639,0.00017852441369949494,2000.0
