ZL,error,N
-0.8507712514945348,0.00013706438955867585,2000.0
