ZL,error,N
-0.8029527002234185,0.00014460773713224383,2000.0
