O^z,error,N,total_data
0.0941223593633975,0.0005324853054233179,2000.0,32000.0
