O^z,error,N,total_data
0.05020863696664592,0.00030030964772039345,2000.0,64000.0
