O^z,error,N,total_data
0.155801271541066,0.002363041432954166,2000.0,2000.0
