O^z,error,N,total_data
0.066836578673422,0.00038839846043038455,2000.0,48000.0
