O^z,error,N,total_data
0.04866229803147822,0.00030409203575909713,2000.0,64000.0
