ZL,error,N
-0.16143112865912437,0.006088461503795953,2000.0
