ZL,error,N
-0.047316489112483706,0.007925888667087292,2000.0
