ZL,error,N
0.03055033550937264,0.008537779193619368,2000.0
