ZL,error,N
0.09565619742254092,0.00891707551791965,2000.0
