O^z,error,Nseed,Nsample
0.04167435934109429,0.0002816303110856171,2000.0,64000.0
