O^z,error,Nseed,Nsample
0.058144397132239636,0.0003699306793350642,2000.0,48000.0
