O^z,error,Nseed,Nsample
0.08557443320981985,0.0005137365514143382,2000.0,32000.0
