O^z,error,N,total_data
0.14864007848786942,0.0023292652134590097,2000.0,2000.0
