ZL,error,N
-0.11745517757988265,0.007931291829407003,2000.0
