ZL,error,N
-0.06948869331437213,0.008361826500964483,2000.0
