ZL,error,Nseed,Nsample
-0.22031227555585037,0.005584322254283523,2000.0,2000.0
