ZL,error,N
-0.1547251908270627,0.0073361772527500806,2000.0
