ZL,error,N
-0.31487418303839754,0.008024826367602548,2000.0
