ZL,error,N
-0.2995880076088725,0.008640357540037289,2000.0
