O^z,error,N,total_data
0.1198074775305778,0.000422196650916984,2000.0,64000.0
