O^z,error,N,total_data
0.13690980050824603,0.0004922259150772557,2000.0,48000.0
