ZL,error,N
-0.32804664388324695,0.005080043745285159,2000.0
