ZL,error,N
-0.32350438306843554,0.007071566586438281,2000.0
