SOP,error,Nseed,Nsample
0.25830835413454817,0.0002087472471954037,2000.0,48000.0
