ZL,error,N
0.04568149135037211,0.0088275449300708,2000.0
