O^z,error,N,total_data
0.05115212372798192,0.00030563634682893436,2000.0,64000.0
