ZL,error,N
-0.014054224019690224,0.0084997246111301,2000.0
