ZL,error,N
-0.17763892524609526,0.00598715164645273,2000.0
