O^z,error,N,total_data
0.09620836791725279,0.0005399938408559292,2000.0,32000.0
