ZL,error,N
-0.08111890101581791,0.007835103356616892,2000.0
