O^z,error,N,total_data
0.15058500208750225,0.0021799526193637462,2000.0,2000.0
