O^z,error,N,total_data
0.18374270330916223,0.002348026752226137,2000.0,2000.0
