O^z,error,N,total_data
0.19171931903219494,0.0005503384688365901,2000.0,32000.0
