O^z,error,N,total_data
0.15704747088853754,0.00042483027046102484,2000.0,64000.0
