O^z,error,N,total_data
0.1698479773521733,0.00047989569837374977,2000.0,48000.0
