ZL,error,N
-0.14680747268977343,0.006134433025883789,2000.0
