ZL,error,N
-0.027215713578494737,0.007902748867319375,2000.0
