O^z,error,N,total_data
0.04477316433582295,0.00029160379377804376,2000.0,64000.0
