ZL,error,N
0.06386451527909949,0.008526282309497528,2000.0
