ZL,error,N
0.127110646127719,0.0088358207832176,2000.0
