O^z,error,N,total_data
0.08909619889041258,0.000519930359382996,2000.0,32000.0
