O^z,error,N,total_data
0.0733579953959859,0.0003559884487126295,2000.0,64000.0
