O^z,error,N,total_data
0.177442620180539,0.0023744976221558374,2000.0,2000.0
