O^z,error,N,total_data
0.11830603717725516,0.0005673514526341728,2000.0,32000.0
