ZL,error,N
-0.20475554062217755,0.00753959281591688,2000.0
