ZL,error,N
-0.17510912333373255,0.008373842553082083,2000.0
