ZL,error,N
-0.1303216194876198,0.00889515154097118,2000.0
