O^z,error,N,total_data
0.0807607499761209,0.0003725553989422209,2000.0,64000.0
