ZL,error,N
-0.2569328189031896,0.005539979816943227,2000.0
