O^z,error,N,total_data
0.05001419217330075,0.0003466600287792837,2000.0,48000.0
