O^z,error,N,total_data
0.13848906568846495,0.0023063918121145727,2000.0,2000.0
