O^z,error,N,total_data
0.08083203208641897,0.0004164941746762701,2000.0,48000.0
