O^z,error,N,total_data
0.10803433508821303,0.0005583700109109537,2000.0,32000.0
