O^z,error,N,total_data
0.06301018807804164,0.0003294256857239289,2000.0,64000.0
