O^z,error,N,total_data
0.16847988458453686,0.002392103737254974,2000.0,2000.0
