ZL,error,N
-0.24550016755781282,0.0053521553652622796,2000.0
