ZL,error,N
-0.17002394855130093,0.007544228990595921,2000.0
