ZL,error,N
-0.20107836046219035,0.0069921517191111685,2000.0
