ZL,error,N
-0.1412234151698355,0.00800838415665898,2000.0
